{"id-48093":{"title":"Hotel and BnB","id":48093,"publish-date":1603893483,"featured-image-url":"https:\/\/websitedemos.net\/wp-content\/uploads\/2020\/10\/hotel-08.jpg","thumbnail-image-url":"https:\/\/websitedemos.net\/wp-content\/uploads\/2020\/10\/hotel-08-600x2604.jpg","fullpage-thumbnail-image-url":"https:\/\/websitedemos.net\/wp-content\/uploads\/2020\/10\/hotel-08-400x1736.jpg","astra-site-url":"\/\/websitedemos.net\/hotel-08","astra-site-parent-id":1700,"astra-sites-tag":{"560":"cuisine","336":"food","350":"hotel","712":"lodge","711":"motel","399":"one-page","714":"resort","463":"single-page"},"astra-sites-type":"free","astra-site-category":{"27":"business","39":"free"},"astra-sites-template-category":[],"astra-site-page-builder":"gutenberg","categories":{"2498":"hotel-travel"},"required-plugins":[{"slug":"ultimate-addons-for-gutenberg","init":"ultimate-addons-for-gutenberg\/ultimate-addons-for-gutenberg.php","name":"Spectra"}],"post-status":"publish","post-content":"","post-excerpt":"","pages":{"id-48094":{"title":"Home","featured-image-url":"https:\/\/websitedemos.net\/wp-content\/uploads\/2020\/10\/hotel-08.jpg","thumbnail-image-url":"https:\/\/websitedemos.net\/wp-content\/uploads\/2020\/10\/hotel-08-600x2604.jpg","astra-page-api-url":"https:\/\/websitedemos.net\/hotel-08\/wp-json\/wp\/v2\/pages\/6","dynamic-page":"no","astra-page-url":"\/\/websitedemos.net\/hotel-08\/","astra-sites-tag":{"423":"home","814":"homepage","463":"single-page"},"site-pages-type":"free","site-pages-page-builder":"gutenberg","site-pages-category":[],"site-pages-parent-category":{"60":"business","61":"free"},"required-plugins":[{"slug":"ultimate-addons-for-gutenberg","init":"ultimate-addons-for-gutenberg\/ultimate-addons-for-gutenberg.php","name":"Spectra"}]}},"related-bb-template":"","related-elementor-template":"","related-gutenberg-template":"","related_ecommerce_template":"","ecommerce_parent_template":""}}