{"id-57319":{"title":"Book Store","id":57319,"publish-date":1629996901,"featured-image-url":"https:\/\/websitedemos.net\/wp-content\/uploads\/2021\/08\/book-store-02-home.jpg","thumbnail-image-url":"https:\/\/websitedemos.net\/wp-content\/uploads\/2021\/08\/book-store-02-home.jpg","fullpage-thumbnail-image-url":"https:\/\/websitedemos.net\/wp-content\/uploads\/2021\/08\/book-store-02-home.jpg","astra-site-url":"\/\/websitedemos.net\/book-store-02","astra-site-parent-id":2319,"astra-sites-tag":{"724":"author","2355":"author-book-store","2354":"author-portfolio","2353":"book-writer","2352":"books-store","496":"ecommerce","3416":"elementor","383":"online-store","1024":"woocommerce"},"astra-sites-type":"free","astra-site-category":{"38":"ecommerce","39":"free"},"astra-sites-template-category":{"2839":"author-writer","2814":"bookstore","2769":"ecommerce","2770":"personal"},"astra-site-page-builder":"elementor","categories":{"3427":"default","2495":"ecommerce","3428":"free","2478":"local-storefronts"},"required-plugins":[{"slug":"elementor","init":"elementor\/elementor.php","name":"Elementor"},{"slug":"woocommerce","init":"woocommerce\/woocommerce.php","name":"WooCommerce"},{"slug":"wpforms-lite","init":"wpforms-lite\/wpforms.php","name":"WPForms Lite"},{"slug":"variation-swatches-woo","init":"variation-swatches-woo\/variation-swatches-woo.php","name":"Variation Swatches for WooCommerce"}],"post-status":"publish","post-content":"<!-- wp:paragraph -->\n<p>The Book Store website template is a focused template designed for small books stores or authors who want to sell directly to the public. It\u2019s a relaxed design with the header section set up to showcase your latest publication.<\/p>\n<!-- \/wp:paragraph -->\n\n<!-- wp:paragraph -->\n<p>The template integrates seamlessly with WooCommerce so you can sell digital downloads or physical books from the site. There are customizable content areas throughout and a range of calls to action, image options, testimonials and review options to include if you want.<\/p>\n<!-- \/wp:paragraph -->\n\n<!-- wp:heading -->\n<h2>Key features of the Book Store template<\/h2>\n<!-- \/wp:heading -->\n\n<!-- wp:list -->\n<ul><!-- wp:list-item -->\n<li>Relaxed design that lets products shine<\/li>\n<!-- \/wp:list-item -->\n\n<!-- wp:list-item -->\n<li>Optional extra sections for books and categories<\/li>\n<!-- \/wp:list-item -->\n\n<!-- wp:list-item -->\n<li>Fully compatible with WooCommerce for direct sales<\/li>\n<!-- \/wp:list-item -->\n\n<!-- wp:list-item -->\n<li>Customizable sections and pages for any type of store<\/li>\n<!-- \/wp:list-item -->\n\n<!-- wp:list-item -->\n<li>Full compatibility with leading page builders<\/li>\n<!-- \/wp:list-item --><\/ul>\n<!-- \/wp:list -->","post-excerpt":"Relaxed web template ideal for book stores and authors who want to sell direct","pages":{"id-57336":{"title":"Contact","featured-image-url":"https:\/\/websitedemos.net\/wp-content\/uploads\/2021\/08\/book-store-02-contact-1.jpg","thumbnail-image-url":"https:\/\/websitedemos.net\/wp-content\/uploads\/2021\/08\/book-store-02-contact-1.jpg","astra-page-api-url":"https:\/\/websitedemos.net\/book-store-02\/wp-json\/wp\/v2\/pages\/354","dynamic-page":"no","astra-page-url":"\/\/websitedemos.net\/book-store-02\/contact\/","astra-sites-tag":{"415":"contact"},"site-pages-type":"free","site-pages-page-builder":"elementor","site-pages-category":[],"site-pages-parent-category":{"64":"ecommerce","61":"free"},"required-plugins":[{"slug":"elementor","init":"elementor\/elementor.php","name":"Elementor"},{"slug":"wpforms-lite","init":"wpforms-lite\/wpforms.php","name":"WPForms Lite"}]},"id-57334":{"title":"About Author","featured-image-url":"https:\/\/websitedemos.net\/wp-content\/uploads\/2021\/08\/book-store-02-biography-1.jpg","thumbnail-image-url":"https:\/\/websitedemos.net\/wp-content\/uploads\/2021\/08\/book-store-02-biography-1.jpg","astra-page-api-url":"https:\/\/websitedemos.net\/book-store-02\/wp-json\/wp\/v2\/pages\/293","dynamic-page":"no","astra-page-url":"\/\/websitedemos.net\/book-store-02\/biography\/","astra-sites-tag":{"352":"about","1566":"biography"},"site-pages-type":"free","site-pages-page-builder":"elementor","site-pages-category":[],"site-pages-parent-category":{"64":"ecommerce","61":"free"},"required-plugins":[{"slug":"elementor","init":"elementor\/elementor.php","name":"Elementor"}]},"id-57335":{"title":"Books","featured-image-url":"https:\/\/websitedemos.net\/wp-content\/uploads\/2021\/08\/book-store-02-books.jpg","thumbnail-image-url":"https:\/\/websitedemos.net\/wp-content\/uploads\/2021\/08\/book-store-02-books.jpg","astra-page-api-url":"https:\/\/websitedemos.net\/book-store-02\/wp-json\/wp\/v2\/pages\/587","dynamic-page":"yes","astra-page-url":"\/\/websitedemos.net\/book-store-02\/books\/","astra-sites-tag":{"1740":"books"},"site-pages-type":"free","site-pages-page-builder":"elementor","site-pages-category":[],"site-pages-parent-category":{"64":"ecommerce","61":"free"},"required-plugins":[{"slug":"elementor","init":"elementor\/elementor.php","name":"Elementor"},{"slug":"variation-swatches-woo","init":"variation-swatches-woo\/variation-swatches-woo.php","name":"Variation Swatches for WooCommerce"},{"slug":"woocommerce","init":"woocommerce\/woocommerce.php","name":"WooCommerce"}]},"id-57337":{"title":"Home","featured-image-url":"https:\/\/websitedemos.net\/wp-content\/uploads\/2021\/08\/book-store-02-home.jpg","thumbnail-image-url":"https:\/\/websitedemos.net\/wp-content\/uploads\/2021\/08\/book-store-02-home.jpg","astra-page-api-url":"https:\/\/websitedemos.net\/book-store-02\/wp-json\/wp\/v2\/pages\/28","dynamic-page":"yes","astra-page-url":"\/\/websitedemos.net\/book-store-02\/","astra-sites-tag":{"423":"home"},"site-pages-type":"free","site-pages-page-builder":"elementor","site-pages-category":[],"site-pages-parent-category":{"64":"ecommerce","61":"free"},"required-plugins":[{"slug":"elementor","init":"elementor\/elementor.php","name":"Elementor"},{"slug":"variation-swatches-woo","init":"variation-swatches-woo\/variation-swatches-woo.php","name":"Variation Swatches for WooCommerce"},{"slug":"woocommerce","init":"woocommerce\/woocommerce.php","name":"WooCommerce"}]}},"related-bb-template":"","related-elementor-template":57319,"related-gutenberg-template":"","related_ecommerce_template":"","ecommerce_parent_template":""},"id-47838":{"title":"Online Cooking Courses","id":47838,"publish-date":1602871358,"featured-image-url":"https:\/\/websitedemos.net\/wp-content\/uploads\/2020\/10\/online-cooking-course-02.jpg","thumbnail-image-url":"https:\/\/websitedemos.net\/wp-content\/uploads\/2020\/10\/online-cooking-course-02.jpg","fullpage-thumbnail-image-url":"https:\/\/websitedemos.net\/wp-content\/uploads\/2020\/10\/online-cooking-course-02.jpg","astra-site-url":"\/\/websitedemos.net\/online-cooking-course-02","astra-site-parent-id":1678,"astra-sites-tag":{"1679":"cooking-course","468":"elearning","3416":"elementor","467":"learndash","719":"online-coaching","466":"online-courses","975":"online-learning"},"astra-sites-type":"free","astra-site-category":{"27":"business","39":"free"},"astra-sites-template-category":{"2835":"elearning","2785":"food","2880":"membership","2827":"online-course","2770":"personal"},"astra-site-page-builder":"elementor","categories":{"3427":"default","2494":"elearning","3428":"free","2496":"restaurant-food"},"required-plugins":[{"slug":"elementor","init":"elementor\/elementor.php","name":"Elementor"},{"slug":"sfwd-lms","init":"sfwd-lms\/sfwd_lms.php","name":"LearnDash LMS"},{"slug":"learndash-course-grid","init":"learndash-course-grid\/learndash_course_grid.php","name":"LearnDash LMS - Course Grid"},{"slug":"wpforms-lite","init":"wpforms-lite\/wpforms.php","name":"WPForms Lite"}],"post-status":"publish","post-content":"<!-- wp:paragraph -->\n<p>The Online Cooking Courses template makes an instant impact thanks to a colorful header with a strong image and headline. It\u2019s an engaging design that unfolds into a light, white page with lots of options to outline courses and use imagery to sell.<\/p>\n<!-- \/wp:paragraph -->\n\n<!-- wp:paragraph -->\n<p>This is an LMS website template that will be compatible with leading learning management systems to help you set up your courses quickly and easily. Course pages are equally well designed and include everything you need to attract new students.<\/p>\n<!-- \/wp:paragraph -->\n\n<!-- wp:heading -->\n<h2>Key features of the Online Cooking Courses template<\/h2>\n<!-- \/wp:heading -->\n\n<!-- wp:list -->\n<ul><li>Impactful design with bright colors and strong imagery<\/li><li>Light content areas designed for courses<\/li><li>Course pages include basic outline all ready to customize<\/li><li>Includes enrolment button for quick and easy signups<\/li><li>Full compatibility with leading page builders<\/li><\/ul>\n<!-- \/wp:list -->","post-excerpt":"Vibrant online learning template designed to help make learning fun for everyone","pages":{"id-47842":{"title":"Home","featured-image-url":"https:\/\/websitedemos.net\/wp-content\/uploads\/2020\/10\/online-cooking-course-02.jpg","thumbnail-image-url":"https:\/\/websitedemos.net\/wp-content\/uploads\/2020\/10\/online-cooking-course-02.jpg","astra-page-api-url":"https:\/\/websitedemos.net\/online-cooking-course-02\/wp-json\/wp\/v2\/pages\/6","dynamic-page":"no","astra-page-url":"\/\/websitedemos.net\/online-cooking-course-02\/","astra-sites-tag":{"423":"home"},"site-pages-type":"free","site-pages-page-builder":"elementor","site-pages-category":[],"site-pages-parent-category":{"60":"business","61":"free"},"required-plugins":[{"slug":"elementor","init":"elementor\/elementor.php","name":"Elementor"}]},"id-47840":{"title":"All Courses","featured-image-url":"https:\/\/websitedemos.net\/wp-content\/uploads\/2020\/10\/online-cooking-course-02-all-courses.jpg","thumbnail-image-url":"https:\/\/websitedemos.net\/wp-content\/uploads\/2020\/10\/online-cooking-course-02-all-courses.jpg","astra-page-api-url":"https:\/\/websitedemos.net\/online-cooking-course-02\/wp-json\/wp\/v2\/pages\/351","dynamic-page":"yes","astra-page-url":"\/\/websitedemos.net\/online-cooking-course-02\/all-courses\/","astra-sites-tag":{"462":"courses"},"site-pages-type":"free","site-pages-page-builder":"elementor","site-pages-category":[],"site-pages-parent-category":{"60":"business","61":"free"},"required-plugins":[{"slug":"elementor","init":"elementor\/elementor.php","name":"Elementor"},{"slug":"sfwd-lms","init":"sfwd-lms\/sfwd_lms.php","name":"LearnDash LMS"},{"slug":"learndash-course-grid","init":"learndash-course-grid\/learndash_course_grid.php","name":"LearnDash LMS - Course Grid"}]},"id-47839":{"title":"About","featured-image-url":"https:\/\/websitedemos.net\/wp-content\/uploads\/2020\/10\/online-cooking-course-02-about.jpg","thumbnail-image-url":"https:\/\/websitedemos.net\/wp-content\/uploads\/2020\/10\/online-cooking-course-02-about.jpg","astra-page-api-url":"https:\/\/websitedemos.net\/online-cooking-course-02\/wp-json\/wp\/v2\/pages\/9","dynamic-page":"no","astra-page-url":"\/\/websitedemos.net\/online-cooking-course-02\/about\/","astra-sites-tag":{"352":"about"},"site-pages-type":"free","site-pages-page-builder":"elementor","site-pages-category":[],"site-pages-parent-category":{"60":"business","61":"free"},"required-plugins":[{"slug":"elementor","init":"elementor\/elementor.php","name":"Elementor"}]},"id-47841":{"title":"Contact","featured-image-url":"https:\/\/websitedemos.net\/wp-content\/uploads\/2020\/10\/online-cooking-course-02-contact.jpg","thumbnail-image-url":"https:\/\/websitedemos.net\/wp-content\/uploads\/2020\/10\/online-cooking-course-02-contact.jpg","astra-page-api-url":"https:\/\/websitedemos.net\/online-cooking-course-02\/wp-json\/wp\/v2\/pages\/13","dynamic-page":"no","astra-page-url":"\/\/websitedemos.net\/online-cooking-course-02\/contact\/","astra-sites-tag":{"415":"contact"},"site-pages-type":"free","site-pages-page-builder":"elementor","site-pages-category":[],"site-pages-parent-category":{"60":"business","61":"free"},"required-plugins":[{"slug":"elementor","init":"elementor\/elementor.php","name":"Elementor"},{"slug":"wpforms-lite","init":"wpforms-lite\/wpforms.php","name":"WPForms Lite"}]}},"related-bb-template":"","related-elementor-template":47838,"related-gutenberg-template":"","related_ecommerce_template":"","ecommerce_parent_template":""},"id-45894":{"title":"Courier &amp; Delivery Services","id":45894,"publish-date":1590081799,"featured-image-url":"https:\/\/websitedemos.net\/wp-content\/uploads\/2020\/03\/courier-04-home.jpg","thumbnail-image-url":"https:\/\/websitedemos.net\/wp-content\/uploads\/2020\/03\/courier-04-home.jpg","fullpage-thumbnail-image-url":"https:\/\/websitedemos.net\/wp-content\/uploads\/2020\/03\/courier-04-home.jpg","astra-site-url":"\/\/websitedemos.net\/courier-04","astra-site-parent-id":1492,"astra-sites-tag":{"1498":"bearer","1493":"carrier","1494":"courier","1497":"delivery","3416":"elementor","1495":"express","1500":"messager","1496":"parcel","1844":"premium"},"astra-sites-type":"agency-mini","astra-site-category":{"27":"business"},"astra-sites-template-category":{"2777":"business","2854":"courier","2831":"service","2806":"transportation"},"astra-site-page-builder":"elementor","categories":{"3427":"default","3429":"premium","2473":"transport"},"required-plugins":[{"slug":"elementor","init":"elementor\/elementor.php","name":"Elementor"},{"slug":"wpforms-lite","init":"wpforms-lite\/wpforms.php","name":"WPForms Lite"}],"post-status":"publish","post-content":"<!-- wp:paragraph -->\n<p>The Courier &amp; Delivery Services template is ideal for couriers, moving firms, delivery services and anyone involved in moving things from A to B. It\u2019s a bright, welcoming design with a bold header, attractive graphics and a strong headline.<\/p>\n<!-- \/wp:paragraph -->\n\n<!-- wp:paragraph -->\n<p>There\u2019s also a booking form above the fold so visitors can engage instantly. The template includes all the sections you would expect in a business website like this. It\u2019s communicative, responsive and includes lots of product and services sections to showcase your offer.<\/p>\n<!-- \/wp:paragraph -->\n\n<!-- wp:heading -->\n<h2>Key features of the Courier &amp; Delivery Services template<\/h2>\n<!-- \/wp:heading -->\n\n<!-- wp:list -->\n<ul><li>Bright and colorful web template ideal for couriers and delivery services<\/li><li>Warm welcome as soon as it loads<\/li><li>Booking form front and center<\/li><li>Customizable content sections on every page<\/li><li>Full compatibility with leading page builders<\/li><\/ul>\n<!-- \/wp:list -->","post-excerpt":"Bright and colorful web template ideal for couriers and a wide range of businesses","pages":{"id-45897":{"title":"Home","featured-image-url":"https:\/\/websitedemos.net\/wp-content\/uploads\/2020\/03\/courier-04-home.jpg","thumbnail-image-url":"https:\/\/websitedemos.net\/wp-content\/uploads\/2020\/03\/courier-04-home.jpg","astra-page-api-url":"https:\/\/websitedemos.net\/courier-04\/wp-json\/wp\/v2\/pages\/7","dynamic-page":"no","astra-page-url":"\/\/websitedemos.net\/courier-04\/","astra-sites-tag":{"423":"home"},"site-pages-type":"agency-mini","site-pages-page-builder":"elementor","site-pages-category":[],"site-pages-parent-category":{"60":"business"},"required-plugins":[{"slug":"elementor","init":"elementor\/elementor.php","name":"Elementor"}]},"id-45899":{"title":"Services","featured-image-url":"https:\/\/websitedemos.net\/wp-content\/uploads\/2020\/06\/courier-04-services.jpg","thumbnail-image-url":"https:\/\/websitedemos.net\/wp-content\/uploads\/2020\/06\/courier-04-services.jpg","astra-page-api-url":"https:\/\/websitedemos.net\/courier-04\/wp-json\/wp\/v2\/pages\/17","dynamic-page":"no","astra-page-url":"\/\/websitedemos.net\/courier-04\/services\/","astra-sites-tag":{"425":"services"},"site-pages-type":"agency-mini","site-pages-page-builder":"elementor","site-pages-category":[],"site-pages-parent-category":{"60":"business"},"required-plugins":[{"slug":"elementor","init":"elementor\/elementor.php","name":"Elementor"}]},"id-45895":{"title":"About","featured-image-url":"https:\/\/websitedemos.net\/wp-content\/uploads\/2020\/03\/courier-04-about.jpg","thumbnail-image-url":"https:\/\/websitedemos.net\/wp-content\/uploads\/2020\/03\/courier-04-about.jpg","astra-page-api-url":"https:\/\/websitedemos.net\/courier-04\/wp-json\/wp\/v2\/pages\/14","dynamic-page":"no","astra-page-url":"\/\/websitedemos.net\/courier-04\/about\/","astra-sites-tag":{"352":"about"},"site-pages-type":"agency-mini","site-pages-page-builder":"elementor","site-pages-category":[],"site-pages-parent-category":{"60":"business"},"required-plugins":[{"slug":"elementor","init":"elementor\/elementor.php","name":"Elementor"}]},"id-45898":{"title":"Prices","featured-image-url":"https:\/\/websitedemos.net\/wp-content\/uploads\/2020\/03\/courier-04-prices.jpg","thumbnail-image-url":"https:\/\/websitedemos.net\/wp-content\/uploads\/2020\/03\/courier-04-prices.jpg","astra-page-api-url":"https:\/\/websitedemos.net\/courier-04\/wp-json\/wp\/v2\/pages\/23","dynamic-page":"no","astra-page-url":"\/\/websitedemos.net\/courier-04\/prices\/","astra-sites-tag":{"815":"price"},"site-pages-type":"agency-mini","site-pages-page-builder":"elementor","site-pages-category":[],"site-pages-parent-category":{"60":"business"},"required-plugins":[{"slug":"elementor","init":"elementor\/elementor.php","name":"Elementor"}]},"id-45900":{"title":"Testimonials","featured-image-url":"https:\/\/websitedemos.net\/wp-content\/uploads\/2020\/03\/courier-04-testimonials.jpg","thumbnail-image-url":"https:\/\/websitedemos.net\/wp-content\/uploads\/2020\/03\/courier-04-testimonials.jpg","astra-page-api-url":"https:\/\/websitedemos.net\/courier-04\/wp-json\/wp\/v2\/pages\/21","dynamic-page":"no","astra-page-url":"\/\/websitedemos.net\/courier-04\/testimonials\/","astra-sites-tag":{"432":"review","433":"testimonials"},"site-pages-type":"agency-mini","site-pages-page-builder":"elementor","site-pages-category":[],"site-pages-parent-category":{"60":"business"},"required-plugins":[{"slug":"elementor","init":"elementor\/elementor.php","name":"Elementor"}]},"id-45896":{"title":"Contact","featured-image-url":"https:\/\/websitedemos.net\/wp-content\/uploads\/2020\/03\/courier-04-contact.jpg","thumbnail-image-url":"https:\/\/websitedemos.net\/wp-content\/uploads\/2020\/03\/courier-04-contact.jpg","astra-page-api-url":"https:\/\/websitedemos.net\/courier-04\/wp-json\/wp\/v2\/pages\/19","dynamic-page":"no","astra-page-url":"\/\/websitedemos.net\/courier-04\/contact\/","astra-sites-tag":{"415":"contact"},"site-pages-type":"agency-mini","site-pages-page-builder":"elementor","site-pages-category":[],"site-pages-parent-category":{"60":"business"},"required-plugins":[{"slug":"elementor","init":"elementor\/elementor.php","name":"Elementor"},{"slug":"wpforms-lite","init":"wpforms-lite\/wpforms.php","name":"WPForms Lite"}]}},"related-bb-template":45924,"related-elementor-template":45894,"related-gutenberg-template":86088,"related_ecommerce_template":"","ecommerce_parent_template":""},"id-45924":{"title":"Courier &amp; Delivery Services","id":45924,"publish-date":1590081799,"featured-image-url":"https:\/\/websitedemos.net\/wp-content\/uploads\/2020\/06\/courier-03-homepage.jpg","thumbnail-image-url":"https:\/\/websitedemos.net\/wp-content\/uploads\/2020\/06\/courier-03-homepage.jpg","fullpage-thumbnail-image-url":"https:\/\/websitedemos.net\/wp-content\/uploads\/2020\/06\/courier-03-homepage.jpg","astra-site-url":"\/\/websitedemos.net\/courier-03","astra-site-parent-id":1501,"astra-sites-tag":{"1498":"bearer","1493":"carrier","1494":"courier","1497":"delivery","1495":"express","1500":"messager","1496":"parcel"},"astra-sites-type":"agency-mini","astra-site-category":{"27":"business"},"astra-sites-template-category":[],"astra-site-page-builder":"beaver-builder","categories":{"2473":"transport"},"required-plugins":[{"slug":"astra-addon","init":"astra-addon\/astra-addon.php","name":"Astra Pro"},{"slug":"beaver-builder-lite-version","init":"beaver-builder-lite-version\/fl-builder.php","name":"Beaver Builder Plugin (Lite Version)"},{"slug":"bb-ultimate-addon","init":"bb-ultimate-addon\/bb-ultimate-addon.php","name":"Ultimate Addons for Beaver Builder"},{"slug":"wpforms-lite","init":"wpforms-lite\/wpforms.php","name":"WPForms Lite"}],"post-status":"publish","post-content":"","post-excerpt":"","pages":{"id-45927":{"title":"Home","featured-image-url":"https:\/\/websitedemos.net\/wp-content\/uploads\/2020\/06\/courier-03-homepage.jpg","thumbnail-image-url":"https:\/\/websitedemos.net\/wp-content\/uploads\/2020\/06\/courier-03-homepage.jpg","astra-page-api-url":"https:\/\/websitedemos.net\/courier-03\/wp-json\/wp\/v2\/pages\/2","dynamic-page":"no","astra-page-url":"\/\/websitedemos.net\/courier-03\/","astra-sites-tag":{"423":"home"},"site-pages-type":"agency-mini","site-pages-page-builder":"beaver-builder","site-pages-category":[],"site-pages-parent-category":{"60":"business"},"required-plugins":[{"slug":"beaver-builder-lite-version","init":"beaver-builder-lite-version\/fl-builder.php","name":"Beaver Builder Plugin (Lite Version)"},{"slug":"bb-ultimate-addon","init":"bb-ultimate-addon\/bb-ultimate-addon.php","name":"Ultimate Addons for Beaver Builder"}]},"id-45929":{"title":"Services","featured-image-url":"https:\/\/websitedemos.net\/wp-content\/uploads\/2020\/06\/courier-03-services.jpg","thumbnail-image-url":"https:\/\/websitedemos.net\/wp-content\/uploads\/2020\/06\/courier-03-services.jpg","astra-page-api-url":"https:\/\/websitedemos.net\/courier-03\/wp-json\/wp\/v2\/pages\/231","dynamic-page":"no","astra-page-url":"\/\/websitedemos.net\/courier-03\/services\/","astra-sites-tag":{"425":"services"},"site-pages-type":"agency-mini","site-pages-page-builder":"beaver-builder","site-pages-category":[],"site-pages-parent-category":{"60":"business"},"required-plugins":[{"slug":"beaver-builder-lite-version","init":"beaver-builder-lite-version\/fl-builder.php","name":"Beaver Builder Plugin (Lite Version)"},{"slug":"bb-ultimate-addon","init":"bb-ultimate-addon\/bb-ultimate-addon.php","name":"Ultimate Addons for Beaver Builder"}]},"id-45925":{"title":"About","featured-image-url":"https:\/\/websitedemos.net\/wp-content\/uploads\/2020\/06\/courier-03-about.jpg","thumbnail-image-url":"https:\/\/websitedemos.net\/wp-content\/uploads\/2020\/06\/courier-03-about.jpg","astra-page-api-url":"https:\/\/websitedemos.net\/courier-03\/wp-json\/wp\/v2\/pages\/233","dynamic-page":"no","astra-page-url":"\/\/websitedemos.net\/courier-03\/about\/","astra-sites-tag":{"352":"about"},"site-pages-type":"agency-mini","site-pages-page-builder":"beaver-builder","site-pages-category":[],"site-pages-parent-category":{"60":"business"},"required-plugins":[{"slug":"beaver-builder-lite-version","init":"beaver-builder-lite-version\/fl-builder.php","name":"Beaver Builder Plugin (Lite Version)"},{"slug":"bb-ultimate-addon","init":"bb-ultimate-addon\/bb-ultimate-addon.php","name":"Ultimate Addons for Beaver Builder"}]},"id-45928":{"title":"Prices","featured-image-url":"https:\/\/websitedemos.net\/wp-content\/uploads\/2020\/06\/courier-03-prices.jpg","thumbnail-image-url":"https:\/\/websitedemos.net\/wp-content\/uploads\/2020\/06\/courier-03-prices.jpg","astra-page-api-url":"https:\/\/websitedemos.net\/courier-03\/wp-json\/wp\/v2\/pages\/235","dynamic-page":"no","astra-page-url":"\/\/websitedemos.net\/courier-03\/prices\/","astra-sites-tag":{"815":"price"},"site-pages-type":"agency-mini","site-pages-page-builder":"beaver-builder","site-pages-category":[],"site-pages-parent-category":{"60":"business"},"required-plugins":[{"slug":"beaver-builder-lite-version","init":"beaver-builder-lite-version\/fl-builder.php","name":"Beaver Builder Plugin (Lite Version)"},{"slug":"bb-ultimate-addon","init":"bb-ultimate-addon\/bb-ultimate-addon.php","name":"Ultimate Addons for Beaver Builder"}]},"id-45930":{"title":"Testimonials","featured-image-url":"https:\/\/websitedemos.net\/wp-content\/uploads\/2020\/06\/courier-03-testimonials.jpg","thumbnail-image-url":"https:\/\/websitedemos.net\/wp-content\/uploads\/2020\/06\/courier-03-testimonials.jpg","astra-page-api-url":"https:\/\/websitedemos.net\/courier-03\/wp-json\/wp\/v2\/pages\/237","dynamic-page":"no","astra-page-url":"\/\/websitedemos.net\/courier-03\/testimonials\/","astra-sites-tag":{"432":"review","433":"testimonials"},"site-pages-type":"agency-mini","site-pages-page-builder":"beaver-builder","site-pages-category":[],"site-pages-parent-category":{"60":"business"},"required-plugins":[{"slug":"beaver-builder-lite-version","init":"beaver-builder-lite-version\/fl-builder.php","name":"Beaver Builder Plugin (Lite Version)"},{"slug":"bb-ultimate-addon","init":"bb-ultimate-addon\/bb-ultimate-addon.php","name":"Ultimate Addons for Beaver Builder"}]},"id-45926":{"title":"Contact","featured-image-url":"https:\/\/websitedemos.net\/wp-content\/uploads\/2020\/06\/courier-03-contact.jpg","thumbnail-image-url":"https:\/\/websitedemos.net\/wp-content\/uploads\/2020\/06\/courier-03-contact.jpg","astra-page-api-url":"https:\/\/websitedemos.net\/courier-03\/wp-json\/wp\/v2\/pages\/239","dynamic-page":"no","astra-page-url":"\/\/websitedemos.net\/courier-03\/contact\/","astra-sites-tag":{"415":"contact"},"site-pages-type":"agency-mini","site-pages-page-builder":"beaver-builder","site-pages-category":[],"site-pages-parent-category":{"60":"business"},"required-plugins":[{"slug":"beaver-builder-lite-version","init":"beaver-builder-lite-version\/fl-builder.php","name":"Beaver Builder Plugin (Lite Version)"},{"slug":"bb-ultimate-addon","init":"bb-ultimate-addon\/bb-ultimate-addon.php","name":"Ultimate Addons for Beaver Builder"},{"slug":"wpforms-lite","init":"wpforms-lite\/wpforms.php","name":"WPForms Lite"}]}},"related-bb-template":"","related-elementor-template":"","related-gutenberg-template":"","related_ecommerce_template":"","ecommerce_parent_template":""},"id-49406":{"title":"Freelance Voice-over Artist","id":49406,"publish-date":1616088047,"featured-image-url":"https:\/\/websitedemos.net\/wp-content\/uploads\/2021\/03\/voiceover-artist-02-home.jpg","thumbnail-image-url":"https:\/\/websitedemos.net\/wp-content\/uploads\/2021\/03\/voiceover-artist-02-home.jpg","fullpage-thumbnail-image-url":"https:\/\/websitedemos.net\/wp-content\/uploads\/2021\/03\/voiceover-artist-02-home.jpg","astra-site-url":"\/\/websitedemos.net\/voiceover-artist-02","astra-site-parent-id":1828,"astra-sites-tag":{"1908":"dubbing-artist","3416":"elementor","669":"freelancer","969":"musician","1834":"recording-artist","1571":"singer","1510":"studio","1833":"voice-over-artist"},"astra-sites-type":"free","astra-site-category":{"27":"business","39":"free"},"astra-sites-template-category":{"2802":"artist","2777":"business","2810":"freelance","2770":"personal"},"astra-site-page-builder":"elementor","categories":{"2486":"art-music","3427":"default","3428":"free","2488":"portfolio"},"required-plugins":[{"slug":"elementor","init":"elementor\/elementor.php","name":"Elementor"},{"slug":"header-footer-elementor","init":"header-footer-elementor\/header-footer-elementor.php","name":"Elementor Header & Footer Builder"},{"slug":"wpforms-lite","init":"wpforms-lite\/wpforms.php","name":"WPForms Lite"}],"post-status":"publish","post-content":"<!-- wp:paragraph -->\n<p>The Freelance Voice-over Artist template could work as a resume or portfolio for musicians and many other professions. It\u2019s a light modern design with strong images, calm colors and very modern fonts.<\/p>\n<!-- \/wp:paragraph -->\n\n<!-- wp:paragraph -->\n<p>The template has been configured for musicians but would work for anyone with a little customization. It has flexible content areas with space for images, text, audio or video clips, a biography, testimonials and social media integration. Everything you need to promote yourself.<\/p>\n<!-- \/wp:paragraph -->\n\n<!-- wp:heading {\"UAGDay\":[]} -->\n<h2 class=\"wp-block-heading\">Key features of the Freelance Voice-over Artist template<\/h2>\n<!-- \/wp:heading -->\n\n<!-- wp:list -->\n<ul><!-- wp:list-item -->\n<li>Modern business theme that works as a portfolio or resume<\/li>\n<!-- \/wp:list-item -->\n\n<!-- wp:list-item -->\n<li>Calm colors and contemporary fonts<\/li>\n<!-- \/wp:list-item -->\n\n<!-- wp:list-item -->\n<li>Great use of images, content areas and layout<\/li>\n<!-- \/wp:list-item -->\n\n<!-- wp:list-item -->\n<li>Supports images, audio and video<\/li>\n<!-- \/wp:list-item -->\n\n<!-- wp:list-item -->\n<li>Full compatibility with leading page builders<\/li>\n<!-- \/wp:list-item --><\/ul>\n<!-- \/wp:list -->","post-excerpt":"Contemporary website template that\u2019s perfect for freelance artists and performers","pages":{"id-49407":{"title":"About","featured-image-url":"https:\/\/websitedemos.net\/wp-content\/uploads\/2021\/03\/voiceover-artist-02-about.jpg","thumbnail-image-url":"https:\/\/websitedemos.net\/wp-content\/uploads\/2021\/03\/voiceover-artist-02-about.jpg","astra-page-api-url":"https:\/\/websitedemos.net\/voiceover-artist-02\/wp-json\/wp\/v2\/pages\/180","dynamic-page":"no","astra-page-url":"\/\/websitedemos.net\/voiceover-artist-02\/about\/","astra-sites-tag":{"352":"about"},"site-pages-type":"free","site-pages-page-builder":"elementor","site-pages-category":[],"site-pages-parent-category":{"60":"business","61":"free"},"required-plugins":[{"slug":"elementor","init":"elementor\/elementor.php","name":"Elementor"},{"slug":"header-footer-elementor","init":"header-footer-elementor\/header-footer-elementor.php","name":"Elementor Header & Footer Builder"}]},"id-49408":{"title":"Contact","featured-image-url":"https:\/\/websitedemos.net\/wp-content\/uploads\/2021\/03\/voiceover-artist-02-contact.jpg","thumbnail-image-url":"https:\/\/websitedemos.net\/wp-content\/uploads\/2021\/03\/voiceover-artist-02-contact.jpg","astra-page-api-url":"https:\/\/websitedemos.net\/voiceover-artist-02\/wp-json\/wp\/v2\/pages\/400","dynamic-page":"no","astra-page-url":"\/\/websitedemos.net\/voiceover-artist-02\/contact\/","astra-sites-tag":{"415":"contact"},"site-pages-type":"free","site-pages-page-builder":"elementor","site-pages-category":[],"site-pages-parent-category":{"60":"business","61":"free"},"required-plugins":[{"slug":"elementor","init":"elementor\/elementor.php","name":"Elementor"},{"slug":"header-footer-elementor","init":"header-footer-elementor\/header-footer-elementor.php","name":"Elementor Header & Footer Builder"},{"slug":"wpforms-lite","init":"wpforms-lite\/wpforms.php","name":"WPForms Lite"}]},"id-49409":{"title":"Home","featured-image-url":"https:\/\/websitedemos.net\/wp-content\/uploads\/2021\/03\/voiceover-artist-02-home.jpg","thumbnail-image-url":"https:\/\/websitedemos.net\/wp-content\/uploads\/2021\/03\/voiceover-artist-02-home.jpg","astra-page-api-url":"https:\/\/websitedemos.net\/voiceover-artist-02\/wp-json\/wp\/v2\/pages\/5","dynamic-page":"no","astra-page-url":"\/\/websitedemos.net\/voiceover-artist-02\/","astra-sites-tag":{"423":"home"},"site-pages-type":"free","site-pages-page-builder":"elementor","site-pages-category":[],"site-pages-parent-category":{"60":"business","61":"free"},"required-plugins":[{"slug":"elementor","init":"elementor\/elementor.php","name":"Elementor"},{"slug":"header-footer-elementor","init":"header-footer-elementor\/header-footer-elementor.php","name":"Elementor Header & Footer Builder"}]},"id-49410":{"title":"Services","featured-image-url":"https:\/\/websitedemos.net\/wp-content\/uploads\/2021\/03\/voiceover-artist-02-services.jpg","thumbnail-image-url":"https:\/\/websitedemos.net\/wp-content\/uploads\/2021\/03\/voiceover-artist-02-services.jpg","astra-page-api-url":"https:\/\/websitedemos.net\/voiceover-artist-02\/wp-json\/wp\/v2\/pages\/270","dynamic-page":"no","astra-page-url":"\/\/websitedemos.net\/voiceover-artist-02\/services\/","astra-sites-tag":{"425":"services"},"site-pages-type":"free","site-pages-page-builder":"elementor","site-pages-category":[],"site-pages-parent-category":{"60":"business","61":"free"},"required-plugins":[{"slug":"elementor","init":"elementor\/elementor.php","name":"Elementor"},{"slug":"header-footer-elementor","init":"header-footer-elementor\/header-footer-elementor.php","name":"Elementor Header & Footer Builder"}]},"id-49411":{"title":"Studio","featured-image-url":"https:\/\/websitedemos.net\/wp-content\/uploads\/2021\/03\/voiceover-artist-02-studio.jpg","thumbnail-image-url":"https:\/\/websitedemos.net\/wp-content\/uploads\/2021\/03\/voiceover-artist-02-studio.jpg","astra-page-api-url":"https:\/\/websitedemos.net\/voiceover-artist-02\/wp-json\/wp\/v2\/pages\/309","dynamic-page":"no","astra-page-url":"\/\/websitedemos.net\/voiceover-artist-02\/studio\/","astra-sites-tag":{"1510":"studio","691":"work-place"},"site-pages-type":"free","site-pages-page-builder":"elementor","site-pages-category":[],"site-pages-parent-category":{"60":"business","61":"free"},"required-plugins":[{"slug":"elementor","init":"elementor\/elementor.php","name":"Elementor"},{"slug":"header-footer-elementor","init":"header-footer-elementor\/header-footer-elementor.php","name":"Elementor Header & Footer Builder"}]}},"related-bb-template":"","related-elementor-template":49406,"related-gutenberg-template":71183,"related_ecommerce_template":"","ecommerce_parent_template":""},"id-49217":{"title":"Piano Tutor","id":49217,"publish-date":1607943895,"featured-image-url":"https:\/\/websitedemos.net\/wp-content\/uploads\/2020\/12\/piano-tutor-02-home.jpg","thumbnail-image-url":"https:\/\/websitedemos.net\/wp-content\/uploads\/2020\/12\/piano-tutor-02-home.jpg","fullpage-thumbnail-image-url":"https:\/\/websitedemos.net\/wp-content\/uploads\/2020\/12\/piano-tutor-02-home.jpg","astra-site-url":"\/\/websitedemos.net\/piano-tutor-02","astra-site-parent-id":1780,"astra-sites-tag":{"3416":"elementor","1786":"forte","407":"music","1782":"piano","1784":"piano-institute","1783":"piano-lessons","1785":"piano-programs","1781":"tutorial"},"astra-sites-type":"free","astra-site-category":{"27":"business","39":"free"},"astra-sites-template-category":{"2772":"education","2781":"music","2873":"tutor"},"astra-site-page-builder":"elementor","categories":{"2486":"art-music","3427":"default","3428":"free"},"required-plugins":[{"slug":"elementor","init":"elementor\/elementor.php","name":"Elementor"},{"slug":"wpforms-lite","init":"wpforms-lite\/wpforms.php","name":"WPForms Lite"}],"post-status":"publish","post-content":"<!-- wp:paragraph -->\n<p>The Piano Tutor template communicates its purpose immediately with a thoughtful image and header. The homepage opens out into a light, informative design with areas for courses, specializations, a biography, service area and testimonials, everything a piano teacher might need.<\/p>\n<!-- \/wp:paragraph -->\n\n<!-- wp:paragraph -->\n<p>The template uses high quality images throughout to help tell your story, along with flexible content areas, an enrolment form, relevant extra pages and an attractive content page.<\/p>\n<!-- \/wp:paragraph -->\n\n<!-- wp:heading -->\n<h2>Key features of the Piano Tutor template<\/h2>\n<!-- \/wp:heading -->\n\n<!-- wp:list -->\n<ul><li>Communicative web template for piano tutors and teachers<\/li><li>Well-designed layout with music elements everywhere<\/li><li>Flexible content areas with some nice effects<\/li><li>Relevant extra pages ideal for tutors<\/li><li>Full compatibility with leading page builders<\/li><\/ul>\n<!-- \/wp:list -->","post-excerpt":"Communicative website template designed for teachers, tutors and instructors","pages":{"id-49220":{"title":"Home","featured-image-url":"https:\/\/websitedemos.net\/wp-content\/uploads\/2020\/12\/piano-tutor-02-home.jpg","thumbnail-image-url":"https:\/\/websitedemos.net\/wp-content\/uploads\/2020\/12\/piano-tutor-02-home.jpg","astra-page-api-url":"https:\/\/websitedemos.net\/piano-tutor-02\/wp-json\/wp\/v2\/pages\/9","dynamic-page":"no","astra-page-url":"\/\/websitedemos.net\/piano-tutor-02\/","astra-sites-tag":{"423":"home"},"site-pages-type":"free","site-pages-page-builder":"elementor","site-pages-category":[],"site-pages-parent-category":{"60":"business","61":"free"},"required-plugins":[{"slug":"elementor","init":"elementor\/elementor.php","name":"Elementor"}]},"id-49218":{"title":"About Us","featured-image-url":"https:\/\/websitedemos.net\/wp-content\/uploads\/2020\/12\/piano-tutor-02-about-us.jpg","thumbnail-image-url":"https:\/\/websitedemos.net\/wp-content\/uploads\/2020\/12\/piano-tutor-02-about-us.jpg","astra-page-api-url":"https:\/\/websitedemos.net\/piano-tutor-02\/wp-json\/wp\/v2\/pages\/164","dynamic-page":"no","astra-page-url":"\/\/websitedemos.net\/piano-tutor-02\/about-us\/","astra-sites-tag":{"352":"about"},"site-pages-type":"free","site-pages-page-builder":"elementor","site-pages-category":[],"site-pages-parent-category":{"60":"business","61":"free"},"required-plugins":[{"slug":"elementor","init":"elementor\/elementor.php","name":"Elementor"}]},"id-49221":{"title":"Programs","featured-image-url":"https:\/\/websitedemos.net\/wp-content\/uploads\/2020\/12\/piano-tutor-02-programs.jpg","thumbnail-image-url":"https:\/\/websitedemos.net\/wp-content\/uploads\/2020\/12\/piano-tutor-02-programs.jpg","astra-page-api-url":"https:\/\/websitedemos.net\/piano-tutor-02\/wp-json\/wp\/v2\/pages\/228","dynamic-page":"no","astra-page-url":"\/\/websitedemos.net\/piano-tutor-02\/programs\/","astra-sites-tag":{"989":"programs"},"site-pages-type":"free","site-pages-page-builder":"elementor","site-pages-category":[],"site-pages-parent-category":{"60":"business","61":"free"},"required-plugins":[{"slug":"elementor","init":"elementor\/elementor.php","name":"Elementor"}]},"id-49222":{"title":"Testimonial","featured-image-url":"https:\/\/websitedemos.net\/wp-content\/uploads\/2020\/12\/piano-tutor-02-testimonial.jpg","thumbnail-image-url":"https:\/\/websitedemos.net\/wp-content\/uploads\/2020\/12\/piano-tutor-02-testimonial.jpg","astra-page-api-url":"https:\/\/websitedemos.net\/piano-tutor-02\/wp-json\/wp\/v2\/pages\/278","dynamic-page":"no","astra-page-url":"\/\/websitedemos.net\/piano-tutor-02\/testimonial\/","astra-sites-tag":{"432":"review","433":"testimonials"},"site-pages-type":"free","site-pages-page-builder":"elementor","site-pages-category":[],"site-pages-parent-category":{"60":"business","61":"free"},"required-plugins":[{"slug":"elementor","init":"elementor\/elementor.php","name":"Elementor"}]},"id-49219":{"title":"Contact Us","featured-image-url":"https:\/\/websitedemos.net\/wp-content\/uploads\/2020\/12\/piano-tutor-02-contact-us.jpg","thumbnail-image-url":"https:\/\/websitedemos.net\/wp-content\/uploads\/2020\/12\/piano-tutor-02-contact-us.jpg","astra-page-api-url":"https:\/\/websitedemos.net\/piano-tutor-02\/wp-json\/wp\/v2\/pages\/312","dynamic-page":"no","astra-page-url":"\/\/websitedemos.net\/piano-tutor-02\/contact-us\/","astra-sites-tag":{"415":"contact"},"site-pages-type":"free","site-pages-page-builder":"elementor","site-pages-category":[],"site-pages-parent-category":{"60":"business","61":"free"},"required-plugins":[{"slug":"elementor","init":"elementor\/elementor.php","name":"Elementor"},{"slug":"wpforms-lite","init":"wpforms-lite\/wpforms.php","name":"WPForms Lite"}]}},"related-bb-template":"","related-elementor-template":49217,"related-gutenberg-template":71367,"related_ecommerce_template":"","ecommerce_parent_template":""},"id-21592":{"title":"Custom Printing Pro","id":21592,"publish-date":1555478369,"featured-image-url":"https:\/\/websitedemos.net\/wp-content\/uploads\/2019\/04\/custom-printing-04.jpg","thumbnail-image-url":"https:\/\/websitedemos.net\/wp-content\/uploads\/2019\/04\/custom-printing-04.jpg","fullpage-thumbnail-image-url":"https:\/\/websitedemos.net\/wp-content\/uploads\/2019\/04\/custom-printing-04.jpg","astra-site-url":"\/\/websitedemos.net\/custom-printing-04","astra-site-parent-id":67,"astra-sites-tag":{"2418":"commerce","400":"custom-printing","1017":"e-commerce","496":"ecommerce","1817":"ecommerce-store","3416":"elementor","2419":"eshopping","881":"mug-printing","2422":"online-market","2420":"online-shopping","383":"online-store","1844":"premium","967":"product-store","2421":"purchases","2417":"reseller","733":"shop","2416":"shopping","749":"store","405":"t-shirt-printing","1024":"woocommerce"},"astra-sites-type":"agency-mini","astra-site-category":{"27":"business","38":"ecommerce"},"astra-sites-template-category":{"2777":"business","2769":"ecommerce","2857":"online-shopping"},"astra-site-page-builder":"elementor","categories":{"3435":"business","3427":"default","2495":"ecommerce","3429":"premium"},"required-plugins":[{"slug":"astra-addon","init":"astra-addon\/astra-addon.php","name":"Astra Pro"},{"slug":"elementor","init":"elementor\/elementor.php","name":"Elementor"},{"slug":"ultimate-elementor","init":"ultimate-elementor\/ultimate-elementor.php","name":"Ultimate Addons for Elementor"},{"slug":"woocommerce","init":"woocommerce\/woocommerce.php","name":"WooCommerce"},{"slug":"woo-cart-abandonment-recovery","init":"woo-cart-abandonment-recovery\/woo-cart-abandonment-recovery.php","name":"WooCommerce Cart Abandonment Recovery"},{"slug":"wpforms-lite","init":"wpforms-lite\/wpforms.php","name":"WPForms Lite"},{"slug":"variation-swatches-woo","init":"variation-swatches-woo\/variation-swatches-woo.php","name":"Variation Swatches for WooCommerce"}],"post-status":"publish","post-content":"<!-- wp:paragraph -->\n<p>The Custom Printing Pro template is designed for eCommerce and is fully compatible with WooCommerce. It\u2019s a modern flat design with strong imagery and fonts that help create instant engagement. It\u2019s a powerful theme designed to sell.<\/p>\n<!-- \/wp:paragraph -->\n\n<!-- wp:paragraph -->\n<p>The template includes a gray background with bold colors, attractive images and lots of opportunities to sell your products. It\u2019s a well-designed template with minimal navigation with cart, bold calls to action and lots of opportunities to showcase products, special offers and anything else you might need to feature.<\/p>\n<!-- \/wp:paragraph -->\n\n<!-- wp:heading -->\n<h2>Key features of the Custom Printing Pro template<\/h2>\n<!-- \/wp:heading -->\n\n<!-- wp:list -->\n<ul><li>Elevated eCommerce design with a modern appeal<\/li><li>Fully compatible with WooCommerce<\/li><li>Lots of product and category areas<\/li><li>Special offer and calls to action sections<\/li><li>Full compatibility with leading page builders<\/li><\/ul>\n<!-- \/wp:list -->","post-excerpt":"Elevated eCommerce template with modern touches ideal for online stores","pages":{"id-36096":{"title":"Home","featured-image-url":"https:\/\/websitedemos.net\/wp-content\/uploads\/2019\/04\/custom-printing-04.jpg","thumbnail-image-url":"https:\/\/websitedemos.net\/wp-content\/uploads\/2019\/04\/custom-printing-04.jpg","astra-page-api-url":"https:\/\/websitedemos.net\/custom-printing-04\/wp-json\/wp\/v2\/pages\/95","dynamic-page":"yes","astra-page-url":"\/\/websitedemos.net\/custom-printing-04\/","astra-sites-tag":{"423":"home"},"site-pages-type":"agency-mini","site-pages-page-builder":"elementor","site-pages-category":[],"site-pages-parent-category":{"60":"business","64":"ecommerce"},"required-plugins":[{"slug":"astra-addon","init":"astra-addon\/astra-addon.php","name":"Astra Pro"},{"slug":"elementor","init":"elementor\/elementor.php","name":"Elementor"},{"slug":"ultimate-elementor","init":"ultimate-elementor\/ultimate-elementor.php","name":"Ultimate Addons for Elementor"},{"slug":"variation-swatches-woo","init":"variation-swatches-woo\/variation-swatches-woo.php","name":"Variation Swatches for WooCommerce"},{"slug":"woocommerce","init":"woocommerce\/woocommerce.php","name":"WooCommerce"},{"slug":"woo-cart-abandonment-recovery","init":"woo-cart-abandonment-recovery\/woo-cart-abandonment-recovery.php","name":"WooCommerce Cart Abandonment Recovery"}]},"id-22180":{"title":"About HDX","featured-image-url":"https:\/\/websitedemos.net\/wp-content\/uploads\/2019\/04\/custom-printing-04-about-hdx.jpg","thumbnail-image-url":"https:\/\/websitedemos.net\/wp-content\/uploads\/2019\/04\/custom-printing-04-about-hdx.jpg","astra-page-api-url":"https:\/\/websitedemos.net\/custom-printing-04\/wp-json\/wp\/v2\/pages\/96","dynamic-page":"no","astra-page-url":"\/\/websitedemos.net\/custom-printing-04\/about-hdx\/","astra-sites-tag":{"352":"about"},"site-pages-type":"agency-mini","site-pages-page-builder":"elementor","site-pages-category":[],"site-pages-parent-category":{"60":"business","64":"ecommerce"},"required-plugins":[{"slug":"astra-addon","init":"astra-addon\/astra-addon.php","name":"Astra Pro"},{"slug":"elementor","init":"elementor\/elementor.php","name":"Elementor"},{"slug":"ultimate-elementor","init":"ultimate-elementor\/ultimate-elementor.php","name":"Ultimate Addons for Elementor"}]},"id-22183":{"title":"Contact","featured-image-url":"https:\/\/websitedemos.net\/wp-content\/uploads\/2019\/04\/custom-printing-04-contact.jpg","thumbnail-image-url":"https:\/\/websitedemos.net\/wp-content\/uploads\/2019\/04\/custom-printing-04-contact.jpg","astra-page-api-url":"https:\/\/websitedemos.net\/custom-printing-04\/wp-json\/wp\/v2\/pages\/15","dynamic-page":"no","astra-page-url":"\/\/websitedemos.net\/custom-printing-04\/contact\/","astra-sites-tag":{"415":"contact"},"site-pages-type":"agency-mini","site-pages-page-builder":"elementor","site-pages-category":[],"site-pages-parent-category":{"60":"business","64":"ecommerce"},"required-plugins":[{"slug":"astra-addon","init":"astra-addon\/astra-addon.php","name":"Astra Pro"},{"slug":"elementor","init":"elementor\/elementor.php","name":"Elementor"},{"slug":"ultimate-elementor","init":"ultimate-elementor\/ultimate-elementor.php","name":"Ultimate Addons for Elementor"},{"slug":"wpforms-lite","init":"wpforms-lite\/wpforms.php","name":"WPForms Lite"}]}},"related-bb-template":"","related-elementor-template":21592,"related-gutenberg-template":85813,"related_ecommerce_template":"","ecommerce_parent_template":""},"id-47547":{"title":"Diagnostics Lab","id":47547,"publish-date":1600971205,"featured-image-url":"https:\/\/websitedemos.net\/wp-content\/uploads\/2020\/09\/diagnostics-lab-04.jpg","thumbnail-image-url":"https:\/\/websitedemos.net\/wp-content\/uploads\/2020\/09\/diagnostics-lab-04.jpg","fullpage-thumbnail-image-url":"https:\/\/websitedemos.net\/wp-content\/uploads\/2020\/09\/diagnostics-lab-04.jpg","astra-site-url":"\/\/websitedemos.net\/diagnostics-lab-02","astra-site-parent-id":1635,"astra-sites-tag":{"1637":"clinical-diagnosis","1636":"diagnosis","3416":"elementor","1640":"laboratory","1638":"test","1639":"workshop"},"astra-sites-type":"free","astra-site-category":{"27":"business","39":"free"},"astra-sites-template-category":{"2777":"business","2834":"healthcare","2841":"medical-clinic"},"astra-site-page-builder":"elementor","categories":{"3427":"default","3428":"free","2490":"healthcare"},"required-plugins":[{"slug":"elementor","init":"elementor\/elementor.php","name":"Elementor"},{"slug":"header-footer-elementor","init":"header-footer-elementor\/header-footer-elementor.php","name":"Elementor Header & Footer Builder"},{"slug":"wpforms-lite","init":"wpforms-lite\/wpforms.php","name":"WPForms Lite"}],"post-status":"publish","post-content":"<!-- wp:paragraph -->\n<p>The Diagnostics Lab template proves you don\u2019t have to be cold to be clinical. It\u2019s a professional design with reassuring blue and green colors on a light background. It\u2019s a boxed layout with flexible content areas and engaging elements.<\/p>\n<!-- \/wp:paragraph -->\n\n<!-- wp:paragraph -->\n<p>The theme as a whole communicates well, with those colors, modern fonts, lots of whitespace, areas for images, graphics, icons and calls to action. There are also a range of complementing pages that reflect the core design while answering the core brief of this kind of niche.<\/p>\n<!-- \/wp:paragraph -->\n\n<!-- wp:heading {\"UAGDay\":[]} -->\n<h2 class=\"wp-block-heading\">Key features of the Diagnostics Lab template<\/h2>\n<!-- \/wp:heading -->\n\n<!-- wp:list -->\n<ul><!-- wp:list-item -->\n<li>Modern web template ideal for medicine, clinics or hospitals<\/li>\n<!-- \/wp:list-item -->\n\n<!-- wp:list-item -->\n<li>Reassuring colors and fonts<\/li>\n<!-- \/wp:list-item -->\n\n<!-- wp:list-item -->\n<li>Great use of light backgrounds, bold colors and images<\/li>\n<!-- \/wp:list-item -->\n\n<!-- wp:list-item -->\n<li>Relevant supplementary pages for the niche<\/li>\n<!-- \/wp:list-item -->\n\n<!-- wp:list-item -->\n<li>Full compatibility with leading page builders<\/li>\n<!-- \/wp:list-item --><\/ul>\n<!-- \/wp:list -->","post-excerpt":"Well-designed website template ideal for clinics, hospitals, doctors and medicine","pages":{"id-47550":{"title":"Home","featured-image-url":"https:\/\/websitedemos.net\/wp-content\/uploads\/2020\/09\/diagnostics-lab-04.jpg","thumbnail-image-url":"https:\/\/websitedemos.net\/wp-content\/uploads\/2020\/09\/diagnostics-lab-04.jpg","astra-page-api-url":"https:\/\/websitedemos.net\/diagnostics-lab-02\/wp-json\/wp\/v2\/pages\/14","dynamic-page":"no","astra-page-url":"\/\/websitedemos.net\/diagnostics-lab-02\/","astra-sites-tag":{"423":"home"},"site-pages-type":"free","site-pages-page-builder":"elementor","site-pages-category":[],"site-pages-parent-category":{"60":"business","61":"free"},"required-plugins":[{"slug":"elementor","init":"elementor\/elementor.php","name":"Elementor"},{"slug":"header-footer-elementor","init":"header-footer-elementor\/header-footer-elementor.php","name":"Elementor Header & Footer Builder"}]},"id-47548":{"title":"About Us","featured-image-url":"https:\/\/websitedemos.net\/wp-content\/uploads\/2020\/09\/diagnostics-lab-02-about-us.jpg","thumbnail-image-url":"https:\/\/websitedemos.net\/wp-content\/uploads\/2020\/09\/diagnostics-lab-02-about-us.jpg","astra-page-api-url":"https:\/\/websitedemos.net\/diagnostics-lab-02\/wp-json\/wp\/v2\/pages\/134","dynamic-page":"no","astra-page-url":"\/\/websitedemos.net\/diagnostics-lab-02\/about-us\/","astra-sites-tag":{"352":"about"},"site-pages-type":"free","site-pages-page-builder":"elementor","site-pages-category":[],"site-pages-parent-category":{"60":"business","61":"free"},"required-plugins":[{"slug":"elementor","init":"elementor\/elementor.php","name":"Elementor"},{"slug":"header-footer-elementor","init":"header-footer-elementor\/header-footer-elementor.php","name":"Elementor Header & Footer Builder"}]},"id-47551":{"title":"Services","featured-image-url":"https:\/\/websitedemos.net\/wp-content\/uploads\/2020\/09\/diagnostics-lab-02-services.jpg","thumbnail-image-url":"https:\/\/websitedemos.net\/wp-content\/uploads\/2020\/09\/diagnostics-lab-02-services.jpg","astra-page-api-url":"https:\/\/websitedemos.net\/diagnostics-lab-02\/wp-json\/wp\/v2\/pages\/157","dynamic-page":"no","astra-page-url":"\/\/websitedemos.net\/diagnostics-lab-02\/services\/","astra-sites-tag":{"425":"services"},"site-pages-type":"free","site-pages-page-builder":"elementor","site-pages-category":[],"site-pages-parent-category":{"60":"business","61":"free"},"required-plugins":[{"slug":"elementor","init":"elementor\/elementor.php","name":"Elementor"},{"slug":"header-footer-elementor","init":"header-footer-elementor\/header-footer-elementor.php","name":"Elementor Header & Footer Builder"}]},"id-47552":{"title":"Testimonial","featured-image-url":"https:\/\/websitedemos.net\/wp-content\/uploads\/2020\/09\/diagnostics-lab-02-testimonial.jpg","thumbnail-image-url":"https:\/\/websitedemos.net\/wp-content\/uploads\/2020\/09\/diagnostics-lab-02-testimonial.jpg","astra-page-api-url":"https:\/\/websitedemos.net\/diagnostics-lab-02\/wp-json\/wp\/v2\/pages\/170","dynamic-page":"no","astra-page-url":"\/\/websitedemos.net\/diagnostics-lab-02\/testimonial\/","astra-sites-tag":{"433":"testimonials"},"site-pages-type":"free","site-pages-page-builder":"elementor","site-pages-category":[],"site-pages-parent-category":{"60":"business","61":"free"},"required-plugins":[{"slug":"elementor","init":"elementor\/elementor.php","name":"Elementor"},{"slug":"header-footer-elementor","init":"header-footer-elementor\/header-footer-elementor.php","name":"Elementor Header & Footer Builder"}]},"id-47549":{"title":"Contact Us","featured-image-url":"https:\/\/websitedemos.net\/wp-content\/uploads\/2020\/09\/diagnostics-lab-04-contact-us.jpg","thumbnail-image-url":"https:\/\/websitedemos.net\/wp-content\/uploads\/2020\/09\/diagnostics-lab-04-contact-us.jpg","astra-page-api-url":"https:\/\/websitedemos.net\/diagnostics-lab-02\/wp-json\/wp\/v2\/pages\/183","dynamic-page":"no","astra-page-url":"\/\/websitedemos.net\/diagnostics-lab-02\/contact-us\/","astra-sites-tag":{"415":"contact"},"site-pages-type":"free","site-pages-page-builder":"elementor","site-pages-category":[],"site-pages-parent-category":{"60":"business","61":"free"},"required-plugins":[{"slug":"elementor","init":"elementor\/elementor.php","name":"Elementor"},{"slug":"header-footer-elementor","init":"header-footer-elementor\/header-footer-elementor.php","name":"Elementor Header & Footer Builder"},{"slug":"wpforms-lite","init":"wpforms-lite\/wpforms.php","name":"WPForms Lite"}]}},"related-bb-template":"","related-elementor-template":47547,"related-gutenberg-template":47672,"related_ecommerce_template":"","ecommerce_parent_template":""},"id-21821":{"title":"Custom Printing","id":21821,"publish-date":1556523458,"featured-image-url":"https:\/\/websitedemos.net\/wp-content\/uploads\/2019\/10\/custom-printing-03-home-1.jpg","thumbnail-image-url":"https:\/\/websitedemos.net\/wp-content\/uploads\/2019\/10\/custom-printing-03-home-1.jpg","fullpage-thumbnail-image-url":"https:\/\/websitedemos.net\/wp-content\/uploads\/2019\/10\/custom-printing-03-home-1.jpg","astra-site-url":"\/\/websitedemos.net\/custom-printing-03","astra-site-parent-id":318,"astra-sites-tag":{"2418":"commerce","400":"custom-printing","1017":"e-commerce","496":"ecommerce","1817":"ecommerce-store","2419":"eshopping","881":"mug-printing","2422":"online-market","732":"online-shop","2420":"online-shopping","383":"online-store","967":"product-store","2421":"purchases","2417":"reseller","733":"shop","2416":"shopping","749":"store","405":"t-shirt-printing","966":"woo-commerce","1024":"woocommerce"},"astra-sites-type":"agency-mini","astra-site-category":{"27":"business","38":"ecommerce"},"astra-sites-template-category":[],"astra-site-page-builder":"beaver-builder","categories":{"2495":"ecommerce"},"required-plugins":[{"slug":"astra-addon","init":"astra-addon\/astra-addon.php","name":"Astra Pro"},{"slug":"beaver-builder-lite-version","init":"beaver-builder-lite-version\/fl-builder.php","name":"Beaver Builder Plugin (Lite Version)"},{"slug":"cartflows","init":"cartflows\/cartflows.php","name":"CartFlows"},{"slug":"bb-ultimate-addon","init":"bb-ultimate-addon\/bb-ultimate-addon.php","name":"Ultimate Addons for Beaver Builder"},{"slug":"woocommerce","init":"woocommerce\/woocommerce.php","name":"WooCommerce"},{"slug":"woo-cart-abandonment-recovery","init":"woo-cart-abandonment-recovery\/woo-cart-abandonment-recovery.php","name":"WooCommerce Cart Abandonment Recovery"},{"slug":"wpforms-lite","init":"wpforms-lite\/wpforms.php","name":"WPForms Lite"},{"slug":"variation-swatches-woo","init":"variation-swatches-woo\/variation-swatches-woo.php","name":"Variation Swatches for WooCommerce"}],"post-status":"publish","post-content":"","post-excerpt":"","pages":{"id-34081":{"title":"Home","featured-image-url":"https:\/\/websitedemos.net\/wp-content\/uploads\/2019\/10\/custom-printing-03-home-1.jpg","thumbnail-image-url":"https:\/\/websitedemos.net\/wp-content\/uploads\/2019\/10\/custom-printing-03-home-1.jpg","astra-page-api-url":"https:\/\/websitedemos.net\/custom-printing-03\/wp-json\/wp\/v2\/pages\/95","dynamic-page":"yes","astra-page-url":"\/\/websitedemos.net\/custom-printing-03\/","astra-sites-tag":{"423":"home"},"site-pages-type":"agency-mini","site-pages-page-builder":"beaver-builder","site-pages-category":[],"site-pages-parent-category":{"60":"business","64":"ecommerce"},"required-plugins":[{"slug":"beaver-builder-lite-version","init":"beaver-builder-lite-version\/fl-builder.php","name":"Beaver Builder Plugin (Lite Version)"},{"slug":"bb-ultimate-addon","init":"bb-ultimate-addon\/bb-ultimate-addon.php","name":"Ultimate Addons for Beaver Builder"}]},"id-26341":{"title":"About HDX","featured-image-url":"https:\/\/websitedemos.net\/wp-content\/uploads\/2019\/10\/custom-printing-03-about.jpg","thumbnail-image-url":"https:\/\/websitedemos.net\/wp-content\/uploads\/2019\/10\/custom-printing-03-about.jpg","astra-page-api-url":"https:\/\/websitedemos.net\/custom-printing-03\/wp-json\/wp\/v2\/pages\/96","dynamic-page":"no","astra-page-url":"\/\/websitedemos.net\/custom-printing-03\/about-hdx\/","astra-sites-tag":{"352":"about"},"site-pages-type":"agency-mini","site-pages-page-builder":"beaver-builder","site-pages-category":[],"site-pages-parent-category":{"60":"business","64":"ecommerce"},"required-plugins":[{"slug":"beaver-builder-lite-version","init":"beaver-builder-lite-version\/fl-builder.php","name":"Beaver Builder Plugin (Lite Version)"},{"slug":"bb-ultimate-addon","init":"bb-ultimate-addon\/bb-ultimate-addon.php","name":"Ultimate Addons for Beaver Builder"}]},"id-26344":{"title":"Contact","featured-image-url":"https:\/\/websitedemos.net\/wp-content\/uploads\/2019\/10\/custom-printing-03-contact.jpg","thumbnail-image-url":"https:\/\/websitedemos.net\/wp-content\/uploads\/2019\/10\/custom-printing-03-contact.jpg","astra-page-api-url":"https:\/\/websitedemos.net\/custom-printing-03\/wp-json\/wp\/v2\/pages\/15","dynamic-page":"no","astra-page-url":"\/\/websitedemos.net\/custom-printing-03\/contact\/","astra-sites-tag":{"415":"contact"},"site-pages-type":"agency-mini","site-pages-page-builder":"beaver-builder","site-pages-category":[],"site-pages-parent-category":{"60":"business","64":"ecommerce"},"required-plugins":[{"slug":"beaver-builder-lite-version","init":"beaver-builder-lite-version\/fl-builder.php","name":"Beaver Builder Plugin (Lite Version)"},{"slug":"bb-ultimate-addon","init":"bb-ultimate-addon\/bb-ultimate-addon.php","name":"Ultimate Addons for Beaver Builder"},{"slug":"wpforms-lite","init":"wpforms-lite\/wpforms.php","name":"WPForms Lite"}]}},"related-bb-template":"","related-elementor-template":"","related-gutenberg-template":"","related_ecommerce_template":"","ecommerce_parent_template":""},"id-90799":{"title":"John&#039;s Fitness Hub","id":90799,"publish-date":1713295504,"featured-image-url":"https:\/\/websitedemos.net\/wp-content\/uploads\/2024\/04\/fitness-hub-04.jpg","thumbnail-image-url":"https:\/\/websitedemos.net\/wp-content\/uploads\/2024\/04\/fitness-hub-04-600x3162.jpg","fullpage-thumbnail-image-url":"https:\/\/websitedemos.net\/wp-content\/uploads\/2024\/04\/fitness-hub-04-400x2108.jpg","astra-site-url":"\/\/websitedemos.net\/fitness-hub-04","astra-site-parent-id":3601,"astra-sites-tag":{"3416":"elementor","502":"exercise","499":"fitness","505":"fitness-trainer","847":"green","500":"gym","976":"gym-instructor","504":"gym-trainer","1020":"personal","1844":"premium","503":"trainer","501":"work-out"},"astra-sites-type":"agency-mini","astra-site-category":{"27":"business"},"astra-sites-template-category":{"2787":"gym-fitness","2770":"personal"},"astra-site-page-builder":"elementor","categories":{"3430":"dark","3427":"default","2480":"fitness-wellness","3429":"premium"},"required-plugins":[{"slug":"astra-addon","init":"astra-addon\/astra-addon.php","name":"Astra Pro"},{"slug":"elementor","init":"elementor\/elementor.php","name":"Elementor"},{"slug":"ultimate-elementor","init":"ultimate-elementor\/ultimate-elementor.php","name":"Ultimate Addons for Elementor"},{"slug":"wpforms-lite","init":"wpforms-lite\/wpforms.php","name":"WPForms Lite"}],"post-status":"publish","post-content":"<!-- wp:paragraph -->\n<p>The John's Fitness Hub template is designed to portray the energy and enthusiasm of the industry to help attract new clients and help them change their lives. It uses vibrant colors and images to paint the picture of a healthy lifestyle.<\/p>\n<!-- \/wp:paragraph -->\n\n<!-- wp:paragraph -->\n<p>While created for fitness, the template could easily be customized to suit any business. It is fully compatible with popular page builders and includes built-in tools to help you change everything you see on the page. The template is also fully responsive and SEO friendly so all bases are covered.<\/p>\n<!-- \/wp:paragraph -->\n\n<!-- wp:heading -->\n<h2 class=\"wp-block-heading\">Key features of the John's Fitness Hub template<\/h2>\n<!-- \/wp:heading -->\n\n<!-- wp:list -->\n<ul><!-- wp:list-item -->\n<li>Vibrant web template for fitness and activity businesses<\/li>\n<!-- \/wp:list-item -->\n\n<!-- wp:list-item -->\n<li>Uses lots of images and effects for engagement<\/li>\n<!-- \/wp:list-item -->\n\n<!-- wp:list-item -->\n<li>Can be fully customized with built-in tools<\/li>\n<!-- \/wp:list-item -->\n\n<!-- wp:list-item -->\n<li>SEO friendly and fully responsive<\/li>\n<!-- \/wp:list-item -->\n\n<!-- wp:list-item -->\n<li>Full compatibility with leading page builders<\/li>\n<!-- \/wp:list-item --><\/ul>\n<!-- \/wp:list -->","post-excerpt":"The Fitness Hub website template is designed to help you help others transform their lives","pages":{"id-90800":{"title":"About","featured-image-url":"https:\/\/websitedemos.net\/wp-content\/uploads\/2024\/04\/fitness-hub-04-about.jpg","thumbnail-image-url":"https:\/\/websitedemos.net\/wp-content\/uploads\/2024\/04\/fitness-hub-04-about-600x2388.jpg","astra-page-api-url":"https:\/\/websitedemos.net\/fitness-hub-04\/wp-json\/wp\/v2\/pages\/21","dynamic-page":"no","astra-page-url":"\/\/websitedemos.net\/fitness-hub-04\/about\/","astra-sites-tag":{"352":"about"},"site-pages-type":"agency-mini","site-pages-page-builder":"elementor","site-pages-category":[],"site-pages-parent-category":{"60":"business"},"required-plugins":[{"slug":"astra-addon","init":"astra-addon\/astra-addon.php","name":"Astra Pro"},{"slug":"elementor","init":"elementor\/elementor.php","name":"Elementor"},{"slug":"ultimate-elementor","init":"ultimate-elementor\/ultimate-elementor.php","name":"Ultimate Addons for Elementor"},{"slug":"wpforms-lite","init":"wpforms-lite\/wpforms.php","name":"WPForms Lite"}]},"id-90801":{"title":"Classes","featured-image-url":"https:\/\/websitedemos.net\/wp-content\/uploads\/2024\/04\/fitness-hub-04-classes.jpg","thumbnail-image-url":"https:\/\/websitedemos.net\/wp-content\/uploads\/2024\/04\/fitness-hub-04-classes-600x2441.jpg","astra-page-api-url":"https:\/\/websitedemos.net\/fitness-hub-04\/wp-json\/wp\/v2\/pages\/23","dynamic-page":"no","astra-page-url":"\/\/websitedemos.net\/fitness-hub-04\/classes\/","astra-sites-tag":{"557":"classes"},"site-pages-type":"agency-mini","site-pages-page-builder":"elementor","site-pages-category":[],"site-pages-parent-category":{"60":"business"},"required-plugins":[{"slug":"astra-addon","init":"astra-addon\/astra-addon.php","name":"Astra Pro"},{"slug":"elementor","init":"elementor\/elementor.php","name":"Elementor"},{"slug":"ultimate-elementor","init":"ultimate-elementor\/ultimate-elementor.php","name":"Ultimate Addons for Elementor"},{"slug":"wpforms-lite","init":"wpforms-lite\/wpforms.php","name":"WPForms Lite"}]},"id-90802":{"title":"Contact","featured-image-url":"https:\/\/websitedemos.net\/wp-content\/uploads\/2024\/04\/fitness-hub-04-contact.jpg","thumbnail-image-url":"https:\/\/websitedemos.net\/wp-content\/uploads\/2024\/04\/fitness-hub-04-contact-600x1160.jpg","astra-page-api-url":"https:\/\/websitedemos.net\/fitness-hub-04\/wp-json\/wp\/v2\/pages\/27","dynamic-page":"no","astra-page-url":"\/\/websitedemos.net\/fitness-hub-04\/contact\/","astra-sites-tag":{"415":"contact"},"site-pages-type":"agency-mini","site-pages-page-builder":"elementor","site-pages-category":[],"site-pages-parent-category":{"60":"business"},"required-plugins":[{"slug":"astra-addon","init":"astra-addon\/astra-addon.php","name":"Astra Pro"},{"slug":"elementor","init":"elementor\/elementor.php","name":"Elementor"},{"slug":"ultimate-elementor","init":"ultimate-elementor\/ultimate-elementor.php","name":"Ultimate Addons for Elementor"},{"slug":"wpforms-lite","init":"wpforms-lite\/wpforms.php","name":"WPForms Lite"}]},"id-90803":{"title":"Home","featured-image-url":"https:\/\/websitedemos.net\/wp-content\/uploads\/2024\/04\/fitness-hub-04.jpg","thumbnail-image-url":"https:\/\/websitedemos.net\/wp-content\/uploads\/2024\/04\/fitness-hub-04-600x3162.jpg","astra-page-api-url":"https:\/\/websitedemos.net\/fitness-hub-04\/wp-json\/wp\/v2\/pages\/18","dynamic-page":"no","astra-page-url":"\/\/websitedemos.net\/fitness-hub-04\/","astra-sites-tag":{"423":"home"},"site-pages-type":"agency-mini","site-pages-page-builder":"elementor","site-pages-category":[],"site-pages-parent-category":{"60":"business"},"required-plugins":[{"slug":"astra-addon","init":"astra-addon\/astra-addon.php","name":"Astra Pro"},{"slug":"elementor","init":"elementor\/elementor.php","name":"Elementor"},{"slug":"ultimate-elementor","init":"ultimate-elementor\/ultimate-elementor.php","name":"Ultimate Addons for Elementor"},{"slug":"wpforms-lite","init":"wpforms-lite\/wpforms.php","name":"WPForms Lite"}]},"id-90804":{"title":"Training Rates","featured-image-url":"https:\/\/websitedemos.net\/wp-content\/uploads\/2024\/04\/fitness-hub-04-training.jpg","thumbnail-image-url":"https:\/\/websitedemos.net\/wp-content\/uploads\/2024\/04\/fitness-hub-04-training-600x1434.jpg","astra-page-api-url":"https:\/\/websitedemos.net\/fitness-hub-04\/wp-json\/wp\/v2\/pages\/25","dynamic-page":"no","astra-page-url":"\/\/websitedemos.net\/fitness-hub-04\/training-rates\/","astra-sites-tag":{"721":"training"},"site-pages-type":"agency-mini","site-pages-page-builder":"elementor","site-pages-category":[],"site-pages-parent-category":{"60":"business"},"required-plugins":[{"slug":"astra-addon","init":"astra-addon\/astra-addon.php","name":"Astra Pro"},{"slug":"elementor","init":"elementor\/elementor.php","name":"Elementor"},{"slug":"ultimate-elementor","init":"ultimate-elementor\/ultimate-elementor.php","name":"Ultimate Addons for Elementor"}]}},"related-bb-template":"","related-elementor-template":90799,"related-gutenberg-template":91375,"related_ecommerce_template":"","ecommerce_parent_template":""},"id-47023":{"title":"Women Empowerment NGO","id":47023,"publish-date":1596836442,"featured-image-url":"https:\/\/websitedemos.net\/wp-content\/uploads\/2020\/08\/women-empowerment-02.jpg","thumbnail-image-url":"https:\/\/websitedemos.net\/wp-content\/uploads\/2020\/08\/women-empowerment-02.jpg","fullpage-thumbnail-image-url":"https:\/\/websitedemos.net\/wp-content\/uploads\/2020\/08\/women-empowerment-02.jpg","astra-site-url":"\/\/websitedemos.net\/women-empowerment-02","astra-site-parent-id":1590,"astra-sites-tag":{"3416":"elementor","1592":"ngo","1591":"women-empowerment"},"astra-sites-type":"free","astra-site-category":{"27":"business"},"astra-sites-template-category":{"2786":"charity-nonprofit","2872":"donation-fundraiser","2784":"event","2821":"feminine-girly","2871":"ngo"},"astra-site-page-builder":"elementor","categories":{"3427":"default","3428":"free","2492":"non-profit"},"required-plugins":[{"slug":"elementor","init":"elementor\/elementor.php","name":"Elementor"},{"slug":"wpforms-lite","init":"wpforms-lite\/wpforms.php","name":"WPForms Lite"}],"post-status":"publish","post-content":"<!-- wp:paragraph -->\n<p>The Women Empowerment NGO template delivers a pleasant feel as soon as it loads. It opens with a fullscreen image header with soft colors and modest headline before flowing into an alternating light and dark homepage.<\/p>\n<!-- \/wp:paragraph -->\n\n<!-- wp:paragraph -->\n<p>The design uses soft colors and fonts throughout to create somewhere you want to spend time. With a range of flexible content areas, lots of space to tell your story and relevant calls to action, including a donation element, this is the ideal theme for nonprofits.<\/p>\n<!-- \/wp:paragraph -->\n\n<!-- wp:heading -->\n<h2>Key features of the Women Empowerment NGO template<\/h2>\n<!-- \/wp:heading -->\n\n<!-- wp:list -->\n<ul><li>Pleasant, welcoming website template for nonprofits<\/li><li>Soft colors and fonts make you feel wanted<\/li><li>Alternating light and dark areas with parallax effects<\/li><li>Donation and calls to action elements<\/li><li>Full compatibility with leading page builders<\/li><\/ul>\n<!-- \/wp:list -->","post-excerpt":"Pleasant web template designed for good causes, nonprofits and charities","pages":{"id-47028":{"title":"Home","featured-image-url":"https:\/\/websitedemos.net\/wp-content\/uploads\/2020\/08\/women-empowerment-02.jpg","thumbnail-image-url":"https:\/\/websitedemos.net\/wp-content\/uploads\/2020\/08\/women-empowerment-02.jpg","astra-page-api-url":"https:\/\/websitedemos.net\/women-empowerment-02\/wp-json\/wp\/v2\/pages\/6","dynamic-page":"no","astra-page-url":"\/\/websitedemos.net\/women-empowerment-02\/","astra-sites-tag":{"423":"home","814":"homepage"},"site-pages-type":"free","site-pages-page-builder":"elementor","site-pages-category":[],"site-pages-parent-category":{"60":"business"},"required-plugins":[{"slug":"elementor","init":"elementor\/elementor.php","name":"Elementor"}]},"id-47024":{"title":"About Us","featured-image-url":"https:\/\/websitedemos.net\/wp-content\/uploads\/2020\/08\/women-empowerment-02-about-us.jpg","thumbnail-image-url":"https:\/\/websitedemos.net\/wp-content\/uploads\/2020\/08\/women-empowerment-02-about-us.jpg","astra-page-api-url":"https:\/\/websitedemos.net\/women-empowerment-02\/wp-json\/wp\/v2\/pages\/8","dynamic-page":"no","astra-page-url":"\/\/websitedemos.net\/women-empowerment-02\/about-us\/","astra-sites-tag":{"352":"about","455":"about-us"},"site-pages-type":"free","site-pages-page-builder":"elementor","site-pages-category":[],"site-pages-parent-category":{"60":"business"},"required-plugins":[{"slug":"elementor","init":"elementor\/elementor.php","name":"Elementor"}]},"id-47029":{"title":"What We Do","featured-image-url":"https:\/\/websitedemos.net\/wp-content\/uploads\/2020\/08\/women-empowerment-02-what-we-do.jpg","thumbnail-image-url":"https:\/\/websitedemos.net\/wp-content\/uploads\/2020\/08\/women-empowerment-02-what-we-do.jpg","astra-page-api-url":"https:\/\/websitedemos.net\/women-empowerment-02\/wp-json\/wp\/v2\/pages\/14","dynamic-page":"no","astra-page-url":"\/\/websitedemos.net\/women-empowerment-02\/what-we-do\/","astra-sites-tag":{"628":"what-we-do"},"site-pages-type":"free","site-pages-page-builder":"elementor","site-pages-category":[],"site-pages-parent-category":{"60":"business"},"required-plugins":[{"slug":"elementor","init":"elementor\/elementor.php","name":"Elementor"}]},"id-47026":{"title":"Events","featured-image-url":"https:\/\/websitedemos.net\/wp-content\/uploads\/2020\/08\/women-empowerment-02-events.jpg","thumbnail-image-url":"https:\/\/websitedemos.net\/wp-content\/uploads\/2020\/08\/women-empowerment-02-events.jpg","astra-page-api-url":"https:\/\/websitedemos.net\/women-empowerment-02\/wp-json\/wp\/v2\/pages\/16","dynamic-page":"no","astra-page-url":"\/\/websitedemos.net\/women-empowerment-02\/events\/","astra-sites-tag":{"1569":"events","989":"programs"},"site-pages-type":"free","site-pages-page-builder":"elementor","site-pages-category":[],"site-pages-parent-category":{"60":"business"},"required-plugins":[{"slug":"elementor","init":"elementor\/elementor.php","name":"Elementor"}]},"id-47027":{"title":"Gallery","featured-image-url":"https:\/\/websitedemos.net\/wp-content\/uploads\/2020\/08\/women-empowerment-02-gallery.jpg","thumbnail-image-url":"https:\/\/websitedemos.net\/wp-content\/uploads\/2020\/08\/women-empowerment-02-gallery.jpg","astra-page-api-url":"https:\/\/websitedemos.net\/women-empowerment-02\/wp-json\/wp\/v2\/pages\/18","dynamic-page":"no","astra-page-url":"\/\/websitedemos.net\/women-empowerment-02\/gallery\/","astra-sites-tag":{"461":"gallery"},"site-pages-type":"free","site-pages-page-builder":"elementor","site-pages-category":[],"site-pages-parent-category":{"60":"business"},"required-plugins":[{"slug":"elementor","init":"elementor\/elementor.php","name":"Elementor"}]},"id-47025":{"title":"Contact","featured-image-url":"https:\/\/websitedemos.net\/wp-content\/uploads\/2020\/08\/women-empowerment-02-contact.jpg","thumbnail-image-url":"https:\/\/websitedemos.net\/wp-content\/uploads\/2020\/08\/women-empowerment-02-contact.jpg","astra-page-api-url":"https:\/\/websitedemos.net\/women-empowerment-02\/wp-json\/wp\/v2\/pages\/10","dynamic-page":"no","astra-page-url":"\/\/websitedemos.net\/women-empowerment-02\/contact\/","astra-sites-tag":{"415":"contact","454":"contact-us","896":"get-connected","377":"get-in-touch"},"site-pages-type":"free","site-pages-page-builder":"elementor","site-pages-category":[],"site-pages-parent-category":{"60":"business"},"required-plugins":[{"slug":"elementor","init":"elementor\/elementor.php","name":"Elementor"},{"slug":"wpforms-lite","init":"wpforms-lite\/wpforms.php","name":"WPForms Lite"}]}},"related-bb-template":"","related-elementor-template":47023,"related-gutenberg-template":64787,"related_ecommerce_template":"","ecommerce_parent_template":""},"id-46688":{"title":"Inspirational Speaker","id":46688,"publish-date":1595356079,"featured-image-url":"https:\/\/websitedemos.net\/wp-content\/uploads\/2020\/06\/inspirational-speaker-03-home.jpg","thumbnail-image-url":"https:\/\/websitedemos.net\/wp-content\/uploads\/2020\/06\/inspirational-speaker-03-home.jpg","fullpage-thumbnail-image-url":"https:\/\/websitedemos.net\/wp-content\/uploads\/2020\/06\/inspirational-speaker-03-home.jpg","astra-site-url":"\/\/websitedemos.net\/inspirational-speaker-04","astra-site-parent-id":1550,"astra-sites-tag":{"3416":"elementor","1548":"encourage","1549":"enthusiasm","1547":"influencer","1546":"inspiration","1545":"inspirational-speaker","609":"motivator","1844":"premium"},"astra-sites-type":"agency-mini","astra-site-category":{"27":"business"},"astra-sites-template-category":{"2825":"coaching","2821":"feminine-girly","2827":"online-course","2770":"personal"},"astra-site-page-builder":"elementor","categories":{"3427":"default","2483":"expert-services","3429":"premium"},"required-plugins":[{"slug":"elementor","init":"elementor\/elementor.php","name":"Elementor"},{"slug":"wpforms-lite","init":"wpforms-lite\/wpforms.php","name":"WPForms Lite"}],"post-status":"publish","post-content":"<!-- wp:paragraph -->\n<p>The Inspirational Speaker template is a light, welcoming design with a pastel palette and soft fonts. It creates a feeling of calm as soon as it loads, drawing you in and making you want to learn more, ideal for growing or engaging with your audience.<\/p>\n<!-- \/wp:paragraph -->\n\n<!-- wp:paragraph -->\n<p>The theme uses a standard business layout with product and service sections, a biography area, a timeline for events, client testimonials and an attractive contact form to book appointments. It\u2019s such a nice design!<\/p>\n<!-- \/wp:paragraph -->\n\n<!-- wp:heading -->\n<h2>Key features of the Inspirational Speaker template<\/h2>\n<!-- \/wp:heading -->\n\n<!-- wp:list -->\n<ul><li>Calm website design with a warm welcome<\/li><li>Lots of flexible content areas to tell your story<\/li><li>Pastel color palette with complementing elements<\/li><li>Soft fonts<\/li><li>Full compatibility with leading page builders<\/li><\/ul>\n<!-- \/wp:list -->","post-excerpt":"Calm web design that makes you feel welcome, ideal for speakers and wellness","pages":{"id-46693":{"title":"Home","featured-image-url":"https:\/\/websitedemos.net\/wp-content\/uploads\/2020\/06\/inspirational-speaker-03-home.jpg","thumbnail-image-url":"https:\/\/websitedemos.net\/wp-content\/uploads\/2020\/06\/inspirational-speaker-03-home.jpg","astra-page-api-url":"https:\/\/websitedemos.net\/inspirational-speaker-04\/wp-json\/wp\/v2\/pages\/27","dynamic-page":"no","astra-page-url":"\/\/websitedemos.net\/inspirational-speaker-04\/","astra-sites-tag":{"423":"home"},"site-pages-type":"agency-mini","site-pages-page-builder":"elementor","site-pages-category":[],"site-pages-parent-category":{"60":"business"},"required-plugins":[{"slug":"elementor","init":"elementor\/elementor.php","name":"Elementor"},{"slug":"wpforms-lite","init":"wpforms-lite\/wpforms.php","name":"WPForms Lite"}]},"id-46689":{"title":"About Me","featured-image-url":"https:\/\/websitedemos.net\/wp-content\/uploads\/2020\/06\/inspirational-speaker-03-about.jpg","thumbnail-image-url":"https:\/\/websitedemos.net\/wp-content\/uploads\/2020\/06\/inspirational-speaker-03-about.jpg","astra-page-api-url":"https:\/\/websitedemos.net\/inspirational-speaker-04\/wp-json\/wp\/v2\/pages\/223","dynamic-page":"no","astra-page-url":"\/\/websitedemos.net\/inspirational-speaker-04\/about\/","astra-sites-tag":{"352":"about"},"site-pages-type":"agency-mini","site-pages-page-builder":"elementor","site-pages-category":[],"site-pages-parent-category":{"60":"business"},"required-plugins":[{"slug":"elementor","init":"elementor\/elementor.php","name":"Elementor"}]},"id-46691":{"title":"Courses","featured-image-url":"https:\/\/websitedemos.net\/wp-content\/uploads\/2020\/06\/inspirational-speaker-03-courses.jpg","thumbnail-image-url":"https:\/\/websitedemos.net\/wp-content\/uploads\/2020\/06\/inspirational-speaker-03-courses.jpg","astra-page-api-url":"https:\/\/websitedemos.net\/inspirational-speaker-04\/wp-json\/wp\/v2\/pages\/228","dynamic-page":"no","astra-page-url":"\/\/websitedemos.net\/inspirational-speaker-04\/courses\/","astra-sites-tag":{"462":"courses"},"site-pages-type":"agency-mini","site-pages-page-builder":"elementor","site-pages-category":[],"site-pages-parent-category":{"60":"business"},"required-plugins":[{"slug":"elementor","init":"elementor\/elementor.php","name":"Elementor"}]},"id-46692":{"title":"Events","featured-image-url":"https:\/\/websitedemos.net\/wp-content\/uploads\/2020\/06\/inspirational-speaker-03-events.jpg","thumbnail-image-url":"https:\/\/websitedemos.net\/wp-content\/uploads\/2020\/06\/inspirational-speaker-03-events.jpg","astra-page-api-url":"https:\/\/websitedemos.net\/inspirational-speaker-04\/wp-json\/wp\/v2\/pages\/230","dynamic-page":"no","astra-page-url":"\/\/websitedemos.net\/inspirational-speaker-04\/events\/","astra-sites-tag":{"409":"event"},"site-pages-type":"agency-mini","site-pages-page-builder":"elementor","site-pages-category":[],"site-pages-parent-category":{"60":"business"},"required-plugins":[{"slug":"elementor","init":"elementor\/elementor.php","name":"Elementor"}]},"id-46690":{"title":"Contact","featured-image-url":"https:\/\/websitedemos.net\/wp-content\/uploads\/2020\/06\/inspirational-speaker-03-contact.jpg","thumbnail-image-url":"https:\/\/websitedemos.net\/wp-content\/uploads\/2020\/06\/inspirational-speaker-03-contact.jpg","astra-page-api-url":"https:\/\/websitedemos.net\/inspirational-speaker-04\/wp-json\/wp\/v2\/pages\/226","dynamic-page":"no","astra-page-url":"\/\/websitedemos.net\/inspirational-speaker-04\/contact\/","astra-sites-tag":{"415":"contact"},"site-pages-type":"agency-mini","site-pages-page-builder":"elementor","site-pages-category":[],"site-pages-parent-category":{"60":"business"},"required-plugins":[{"slug":"elementor","init":"elementor\/elementor.php","name":"Elementor"},{"slug":"wpforms-lite","init":"wpforms-lite\/wpforms.php","name":"WPForms Lite"}]}},"related-bb-template":"","related-elementor-template":46688,"related-gutenberg-template":86769,"related_ecommerce_template":"","ecommerce_parent_template":""},"id-46941":{"title":"Musician","id":46941,"publish-date":1596730045,"featured-image-url":"https:\/\/websitedemos.net\/wp-content\/uploads\/2020\/08\/musicians-02.jpg","thumbnail-image-url":"https:\/\/websitedemos.net\/wp-content\/uploads\/2020\/08\/musicians-02-600x2547.jpg","fullpage-thumbnail-image-url":"https:\/\/websitedemos.net\/wp-content\/uploads\/2020\/08\/musicians-02-400x1698.jpg","astra-site-url":"\/\/websitedemos.net\/musician-02","astra-site-parent-id":1564,"astra-sites-tag":{"339":"artist","3416":"elementor","969":"musician","1572":"performer","1571":"singer","1573":"vocalist"},"astra-sites-type":"free","astra-site-category":{"27":"business","39":"free"},"astra-sites-template-category":{"2777":"business","2869":"dj","2781":"music","2868":"musician-singer","2829":"podcast"},"astra-site-page-builder":"elementor","categories":{"2486":"art-music","3430":"dark","3427":"default","3428":"free"},"required-plugins":[{"slug":"elementor","init":"elementor\/elementor.php","name":"Elementor"},{"slug":"wpforms-lite","init":"wpforms-lite\/wpforms.php","name":"WPForms Lite"}],"post-status":"publish","post-content":"<!-- wp:paragraph -->\n<p>The Musician website template is a dark design with bold red colorway that instantly engages. It uses a shaded image background overlaid with a parallax effect to communicate, along with a biography, tour date section, latest released and lots of opportunity to engage with your fans.<\/p>\n<!-- \/wp:paragraph -->\n\n<!-- wp:paragraph -->\n<p>The design is bold and will definitely stand out. Everything is customizable though, so if black and red don\u2019t work, you can choose any color. Extra pages all reflect the core design and add more opportunities to tell your story and engage, along with a contract page to make it as easy as possible.<\/p>\n<!-- \/wp:paragraph -->\n\n<!-- wp:heading {\"UAGDay\":[]} -->\n<h2 class=\"wp-block-heading\">Key features of the Musician template<\/h2>\n<!-- \/wp:heading -->\n\n<!-- wp:list -->\n<ul><!-- wp:list-item -->\n<li>Impactful dark design with bold color<\/li>\n<!-- \/wp:list-item -->\n\n<!-- wp:list-item -->\n<li>Parallax effect with shaded image background<\/li>\n<!-- \/wp:list-item -->\n\n<!-- wp:list-item -->\n<li>Artist-related elements such as tour dates and latest releases<\/li>\n<!-- \/wp:list-item -->\n\n<!-- wp:list-item -->\n<li>Extra pages relevant to musicians<\/li>\n<!-- \/wp:list-item -->\n\n<!-- wp:list-item -->\n<li>Full compatibility with leading page builders<\/li>\n<!-- \/wp:list-item --><\/ul>\n<!-- \/wp:list -->","post-excerpt":"Dark modern web template ideal for promoting bands, DJs and musicians","pages":{"id-46947":{"title":"Home","featured-image-url":"https:\/\/websitedemos.net\/wp-content\/uploads\/2020\/08\/musicians-02.jpg","thumbnail-image-url":"https:\/\/websitedemos.net\/wp-content\/uploads\/2020\/08\/musicians-02-600x2547.jpg","astra-page-api-url":"https:\/\/websitedemos.net\/musician-02\/wp-json\/wp\/v2\/pages\/167","dynamic-page":"no","astra-page-url":"\/\/websitedemos.net\/musician-02\/","astra-sites-tag":{"423":"home","814":"homepage"},"site-pages-type":"free","site-pages-page-builder":"elementor","site-pages-category":[],"site-pages-parent-category":{"60":"business","61":"free"},"required-plugins":[{"slug":"elementor","init":"elementor\/elementor.php","name":"Elementor"}]},"id-46943":{"title":"Biography","featured-image-url":"https:\/\/websitedemos.net\/wp-content\/uploads\/2020\/08\/musician-02-biography.jpg","thumbnail-image-url":"https:\/\/websitedemos.net\/wp-content\/uploads\/2020\/08\/musician-02-biography.jpg","astra-page-api-url":"https:\/\/websitedemos.net\/musician-02\/wp-json\/wp\/v2\/pages\/294","dynamic-page":"no","astra-page-url":"\/\/websitedemos.net\/musician-02\/biography\/","astra-sites-tag":{"352":"about","1566":"biography"},"site-pages-type":"free","site-pages-page-builder":"elementor","site-pages-category":[],"site-pages-parent-category":{"60":"business","61":"free"},"required-plugins":[{"slug":"elementor","init":"elementor\/elementor.php","name":"Elementor"}]},"id-46944":{"title":"Concerts","featured-image-url":"https:\/\/websitedemos.net\/wp-content\/uploads\/2020\/08\/musician-02-concerts.jpg","thumbnail-image-url":"https:\/\/websitedemos.net\/wp-content\/uploads\/2020\/08\/musician-02-concerts.jpg","astra-page-api-url":"https:\/\/websitedemos.net\/musician-02\/wp-json\/wp\/v2\/pages\/14","dynamic-page":"no","astra-page-url":"\/\/websitedemos.net\/musician-02\/concerts\/","astra-sites-tag":{"1567":"concerts","1569":"events","1568":"shows"},"site-pages-type":"free","site-pages-page-builder":"elementor","site-pages-category":[],"site-pages-parent-category":{"60":"business","61":"free"},"required-plugins":[{"slug":"elementor","init":"elementor\/elementor.php","name":"Elementor"}]},"id-46942":{"title":"Albums","featured-image-url":"https:\/\/websitedemos.net\/wp-content\/uploads\/2020\/08\/musician-02-albums.jpg","thumbnail-image-url":"https:\/\/websitedemos.net\/wp-content\/uploads\/2020\/08\/musician-02-albums.jpg","astra-page-api-url":"https:\/\/websitedemos.net\/musician-02\/wp-json\/wp\/v2\/pages\/16","dynamic-page":"no","astra-page-url":"\/\/websitedemos.net\/musician-02\/albums\/","astra-sites-tag":{"1565":"albums","763":"discography","407":"music"},"site-pages-type":"free","site-pages-page-builder":"elementor","site-pages-category":[],"site-pages-parent-category":{"60":"business","61":"free"},"required-plugins":[{"slug":"elementor","init":"elementor\/elementor.php","name":"Elementor"}]},"id-46946":{"title":"Gallery","featured-image-url":"https:\/\/websitedemos.net\/wp-content\/uploads\/2020\/08\/musician-02-gallery.jpg","thumbnail-image-url":"https:\/\/websitedemos.net\/wp-content\/uploads\/2020\/08\/musician-02-gallery.jpg","astra-page-api-url":"https:\/\/websitedemos.net\/musician-02\/wp-json\/wp\/v2\/pages\/19","dynamic-page":"no","astra-page-url":"\/\/websitedemos.net\/musician-02\/gallery\/","astra-sites-tag":{"461":"gallery"},"site-pages-type":"free","site-pages-page-builder":"elementor","site-pages-category":[],"site-pages-parent-category":{"60":"business","61":"free"},"required-plugins":[{"slug":"elementor","init":"elementor\/elementor.php","name":"Elementor"}]},"id-46945":{"title":"Contact","featured-image-url":"https:\/\/websitedemos.net\/wp-content\/uploads\/2020\/08\/musician-02-contact.jpg","thumbnail-image-url":"https:\/\/websitedemos.net\/wp-content\/uploads\/2020\/08\/musician-02-contact.jpg","astra-page-api-url":"https:\/\/websitedemos.net\/musician-02\/wp-json\/wp\/v2\/pages\/11","dynamic-page":"no","astra-page-url":"\/\/websitedemos.net\/musician-02\/contact\/","astra-sites-tag":{"415":"contact","1009":"contact-me","896":"get-connected","377":"get-in-touch"},"site-pages-type":"free","site-pages-page-builder":"elementor","site-pages-category":[],"site-pages-parent-category":{"60":"business","61":"free"},"required-plugins":[{"slug":"elementor","init":"elementor\/elementor.php","name":"Elementor"},{"slug":"wpforms-lite","init":"wpforms-lite\/wpforms.php","name":"WPForms Lite"}]}},"related-bb-template":"","related-elementor-template":46941,"related-gutenberg-template":48611,"related_ecommerce_template":"","ecommerce_parent_template":""},"id-55517":{"title":"Portfolio &amp; CV","id":55517,"publish-date":1622060981,"featured-image-url":"https:\/\/websitedemos.net\/wp-content\/uploads\/2021\/05\/portfolio-cv-02.jpg","thumbnail-image-url":"https:\/\/websitedemos.net\/wp-content\/uploads\/2021\/05\/portfolio-cv-02-600x2614.jpg","fullpage-thumbnail-image-url":"https:\/\/websitedemos.net\/wp-content\/uploads\/2021\/05\/portfolio-cv-02-400x1742.jpg","astra-site-url":"\/\/websitedemos.net\/portfolio-02","astra-site-parent-id":2149,"astra-sites-tag":{"2151":"curriculum-vitae","2150":"cv","3416":"elementor","1903":"personal-website","444":"portfolio","2153":"resume","2152":"work-profile"},"astra-sites-type":"free","astra-site-category":{"39":"free","36":"other"},"astra-sites-template-category":{"2810":"freelance","2770":"personal","2768":"portfolio","2783":"resume"},"astra-site-page-builder":"elementor","categories":{"3427":"default","3428":"free","2488":"portfolio"},"required-plugins":[{"slug":"elementor","init":"elementor\/elementor.php","name":"Elementor"},{"slug":"wpforms-lite","init":"wpforms-lite\/wpforms.php","name":"WPForms Lite"}],"post-status":"publish","post-content":"<!-- wp:paragraph -->\n<p>The Portfolio &amp; CV website template is the perfect way to showcase yourself and your skills to potential employers. It has a professional design with calm colors, modern fonts and lots of content areas to show off your skills and experience.<\/p>\n<!-- \/wp:paragraph -->\n\n<!-- wp:paragraph -->\n<p>The template includes flexible content areas you can customize to your particular skills and showcase them in the best way possible. The template includes skills graphics and a timeline to easily communicate key still and experience. There\u2019s also an attractive portfolio and contact page to help seal the deal.<\/p>\n<!-- \/wp:paragraph -->\n\n<!-- wp:heading {\"UAGDay\":[]} -->\n<h2 class=\"wp-block-heading\">Key features of the Portfolio &amp; CV template<\/h2>\n<!-- \/wp:heading -->\n\n<!-- wp:list -->\n<ul><!-- wp:list-item -->\n<li>Professional portfolio website with CV elements<\/li>\n<!-- \/wp:list-item -->\n\n<!-- wp:list-item -->\n<li>Calm, competent design to showcase skills and experience<\/li>\n<!-- \/wp:list-item -->\n\n<!-- wp:list-item -->\n<li>Image-based portfolio, ideal for showcasing previous work<\/li>\n<!-- \/wp:list-item -->\n\n<!-- wp:list-item -->\n<li>Graphical skills and timeline elements<\/li>\n<!-- \/wp:list-item -->\n\n<!-- wp:list-item -->\n<li>Full compatibility with leading page builders<\/li>\n<!-- \/wp:list-item --><\/ul>\n<!-- \/wp:list -->","post-excerpt":"Professional web template with portfolio and CV perfect for job seekers","pages":{"id-55518":{"title":"About","featured-image-url":"https:\/\/websitedemos.net\/wp-content\/uploads\/2021\/05\/portfolio-02-about.jpg","thumbnail-image-url":"https:\/\/websitedemos.net\/wp-content\/uploads\/2021\/05\/portfolio-02-about.jpg","astra-page-api-url":"https:\/\/websitedemos.net\/portfolio-02\/wp-json\/wp\/v2\/pages\/10","dynamic-page":"no","astra-page-url":"\/\/websitedemos.net\/portfolio-02\/about\/","astra-sites-tag":{"352":"about"},"site-pages-type":"free","site-pages-page-builder":"elementor","site-pages-category":[],"site-pages-parent-category":{"61":"free","139":"other"},"required-plugins":[{"slug":"elementor","init":"elementor\/elementor.php","name":"Elementor"}]},"id-55519":{"title":"Contact","featured-image-url":"https:\/\/websitedemos.net\/wp-content\/uploads\/2021\/05\/portfolio-02-contact.jpg","thumbnail-image-url":"https:\/\/websitedemos.net\/wp-content\/uploads\/2021\/05\/portfolio-02-contact.jpg","astra-page-api-url":"https:\/\/websitedemos.net\/portfolio-02\/wp-json\/wp\/v2\/pages\/16","dynamic-page":"no","astra-page-url":"\/\/websitedemos.net\/portfolio-02\/contact\/","astra-sites-tag":{"415":"contact"},"site-pages-type":"free","site-pages-page-builder":"elementor","site-pages-category":[],"site-pages-parent-category":{"61":"free","139":"other"},"required-plugins":[{"slug":"elementor","init":"elementor\/elementor.php","name":"Elementor"},{"slug":"wpforms-lite","init":"wpforms-lite\/wpforms.php","name":"WPForms Lite"}]},"id-55520":{"title":"Home","featured-image-url":"https:\/\/websitedemos.net\/wp-content\/uploads\/2021\/05\/portfolio-cv-02.jpg","thumbnail-image-url":"https:\/\/websitedemos.net\/wp-content\/uploads\/2021\/05\/portfolio-cv-02-600x2614.jpg","astra-page-api-url":"https:\/\/websitedemos.net\/portfolio-02\/wp-json\/wp\/v2\/pages\/6","dynamic-page":"no","astra-page-url":"\/\/websitedemos.net\/portfolio-02\/","astra-sites-tag":{"423":"home"},"site-pages-type":"free","site-pages-page-builder":"elementor","site-pages-category":[],"site-pages-parent-category":{"61":"free","139":"other"},"required-plugins":[{"slug":"elementor","init":"elementor\/elementor.php","name":"Elementor"}]},"id-55521":{"title":"Portfolio","featured-image-url":"https:\/\/websitedemos.net\/wp-content\/uploads\/2021\/05\/portfolio-02-portfolio.jpg","thumbnail-image-url":"https:\/\/websitedemos.net\/wp-content\/uploads\/2021\/05\/portfolio-02-portfolio.jpg","astra-page-api-url":"https:\/\/websitedemos.net\/portfolio-02\/wp-json\/wp\/v2\/pages\/14","dynamic-page":"no","astra-page-url":"\/\/websitedemos.net\/portfolio-02\/portfolio\/","astra-sites-tag":{"444":"portfolio","451":"work"},"site-pages-type":"free","site-pages-page-builder":"elementor","site-pages-category":[],"site-pages-parent-category":{"61":"free","139":"other"},"required-plugins":[{"slug":"elementor","init":"elementor\/elementor.php","name":"Elementor"}]},"id-55522":{"title":"Services","featured-image-url":"https:\/\/websitedemos.net\/wp-content\/uploads\/2021\/05\/portfolio-cv-02-services.jpg","thumbnail-image-url":"https:\/\/websitedemos.net\/wp-content\/uploads\/2021\/05\/portfolio-cv-02-services-600x1103.jpg","astra-page-api-url":"https:\/\/websitedemos.net\/portfolio-02\/wp-json\/wp\/v2\/pages\/12","dynamic-page":"no","astra-page-url":"\/\/websitedemos.net\/portfolio-02\/services\/","astra-sites-tag":{"425":"services"},"site-pages-type":"free","site-pages-page-builder":"elementor","site-pages-category":[],"site-pages-parent-category":{"61":"free","139":"other"},"required-plugins":[{"slug":"elementor","init":"elementor\/elementor.php","name":"Elementor"}]}},"related-bb-template":"","related-elementor-template":55517,"related-gutenberg-template":55511,"related_ecommerce_template":"","ecommerce_parent_template":""},"id-49795":{"title":"Learn Oil Painting","id":49795,"publish-date":1612553999,"featured-image-url":"https:\/\/websitedemos.net\/wp-content\/uploads\/2021\/02\/learn-oil-painting-02-homepage.jpg","thumbnail-image-url":"https:\/\/websitedemos.net\/wp-content\/uploads\/2021\/02\/learn-oil-painting-02-homepage.jpg","fullpage-thumbnail-image-url":"https:\/\/websitedemos.net\/wp-content\/uploads\/2021\/02\/learn-oil-painting-02-homepage.jpg","astra-site-url":"\/\/websitedemos.net\/learn-oil-painting-02","astra-site-parent-id":1851,"astra-sites-tag":{"462":"courses","3416":"elementor","467":"learndash","975":"online-learning","720":"tutorials"},"astra-sites-type":"free","astra-site-category":{"27":"business","39":"free"},"astra-sites-template-category":{"2802":"artist","2825":"coaching","2835":"elearning","2880":"membership","2827":"online-course","2770":"personal","2873":"tutor"},"astra-site-page-builder":"elementor","categories":{"2486":"art-music","3427":"default","2494":"elearning","3428":"free"},"required-plugins":[{"slug":"elementor","init":"elementor\/elementor.php","name":"Elementor"},{"slug":"sfwd-lms","init":"sfwd-lms\/sfwd_lms.php","name":"LearnDash LMS"},{"slug":"learndash-course-grid","init":"learndash-course-grid\/learndash_course_grid.php","name":"LearnDash LMS - Course Grid"},{"slug":"wpforms-lite","init":"wpforms-lite\/wpforms.php","name":"WPForms Lite"},{"slug":"presto-player","init":"presto-player\/presto-player.php","name":"Presto Player"}],"post-status":"publish","post-content":"<!-- wp:paragraph -->\n<p>The Learn Oil Painting template is built ready for eLearning. While art is the subject here, it could easily be customized to suit any niche. It\u2019s an informative website with great colors, a mix of elegant fonts and some powerful imagery.<\/p>\n<!-- \/wp:paragraph -->\n\n<!-- wp:paragraph -->\n<p>The template includes an attractive block effect with lots of space for content and images. It has areas to outline courses, attractive course pages, a testimonials section and a selection of supplementary pages ideal for eLearning.<\/p>\n<!-- \/wp:paragraph -->\n\n<!-- wp:heading -->\n<h2>Key features of the Learn Oil Painting template<\/h2>\n<!-- \/wp:heading -->\n\n<!-- wp:list -->\n<ul><li>Informative design ideal for eLearning<\/li><li>Great use of colors and fonts<\/li><li>Course pages already made<\/li><li>Flexible content areas throughout<\/li><li>Full compatibility with leading page builders<\/li><\/ul>\n<!-- \/wp:list -->","post-excerpt":"Informative web template for online courses or eLearning businesses","pages":{"id-49796":{"title":"About","featured-image-url":"https:\/\/websitedemos.net\/wp-content\/uploads\/2021\/02\/learn-oil-painting-02-about.jpg","thumbnail-image-url":"https:\/\/websitedemos.net\/wp-content\/uploads\/2021\/02\/learn-oil-painting-02-about.jpg","astra-page-api-url":"https:\/\/websitedemos.net\/learn-oil-painting-02\/wp-json\/wp\/v2\/pages\/10","dynamic-page":"no","astra-page-url":"\/\/websitedemos.net\/learn-oil-painting-02\/about\/","astra-sites-tag":{"352":"about"},"site-pages-type":"free","site-pages-page-builder":"elementor","site-pages-category":[],"site-pages-parent-category":{"60":"business","61":"free"},"required-plugins":[{"slug":"elementor","init":"elementor\/elementor.php","name":"Elementor"}]},"id-49797":{"title":"Classes","featured-image-url":"https:\/\/websitedemos.net\/wp-content\/uploads\/2021\/02\/learn-oil-painting-02-classes.jpg","thumbnail-image-url":"https:\/\/websitedemos.net\/wp-content\/uploads\/2021\/02\/learn-oil-painting-02-classes.jpg","astra-page-api-url":"https:\/\/websitedemos.net\/learn-oil-painting-02\/wp-json\/wp\/v2\/pages\/8","dynamic-page":"yes","astra-page-url":"\/\/websitedemos.net\/learn-oil-painting-02\/classes\/","astra-sites-tag":{"557":"classes"},"site-pages-type":"free","site-pages-page-builder":"elementor","site-pages-category":[],"site-pages-parent-category":{"60":"business","61":"free"},"required-plugins":[{"slug":"elementor","init":"elementor\/elementor.php","name":"Elementor"},{"slug":"sfwd-lms","init":"sfwd-lms\/sfwd_lms.php","name":"LearnDash LMS"},{"slug":"learndash-course-grid","init":"learndash-course-grid\/learndash_course_grid.php","name":"LearnDash LMS - Course Grid"}]},"id-49798":{"title":"Contact","featured-image-url":"https:\/\/websitedemos.net\/wp-content\/uploads\/2021\/02\/learn-oil-painting-02-contact.jpg","thumbnail-image-url":"https:\/\/websitedemos.net\/wp-content\/uploads\/2021\/02\/learn-oil-painting-02-contact.jpg","astra-page-api-url":"https:\/\/websitedemos.net\/learn-oil-painting-02\/wp-json\/wp\/v2\/pages\/12","dynamic-page":"no","astra-page-url":"\/\/websitedemos.net\/learn-oil-painting-02\/contact\/","astra-sites-tag":{"415":"contact"},"site-pages-type":"free","site-pages-page-builder":"elementor","site-pages-category":[],"site-pages-parent-category":{"60":"business","61":"free"},"required-plugins":[{"slug":"elementor","init":"elementor\/elementor.php","name":"Elementor"},{"slug":"wpforms-lite","init":"wpforms-lite\/wpforms.php","name":"WPForms Lite"}]},"id-49799":{"title":"Home","featured-image-url":"https:\/\/websitedemos.net\/wp-content\/uploads\/2021\/02\/learn-oil-painting-02-homepage.jpg","thumbnail-image-url":"https:\/\/websitedemos.net\/wp-content\/uploads\/2021\/02\/learn-oil-painting-02-homepage.jpg","astra-page-api-url":"https:\/\/websitedemos.net\/learn-oil-painting-02\/wp-json\/wp\/v2\/pages\/6","dynamic-page":"yes","astra-page-url":"\/\/websitedemos.net\/learn-oil-painting-02\/","astra-sites-tag":{"814":"homepage"},"site-pages-type":"free","site-pages-page-builder":"elementor","site-pages-category":[],"site-pages-parent-category":{"60":"business","61":"free"},"required-plugins":[{"slug":"elementor","init":"elementor\/elementor.php","name":"Elementor"},{"slug":"sfwd-lms","init":"sfwd-lms\/sfwd_lms.php","name":"LearnDash LMS"},{"slug":"learndash-course-grid","init":"learndash-course-grid\/learndash_course_grid.php","name":"LearnDash LMS - Course Grid"}]}},"related-bb-template":"","related-elementor-template":49795,"related-gutenberg-template":71384,"related_ecommerce_template":"","ecommerce_parent_template":""}}